-1.0,-3.67394039744206e-16
-0.998,-0.018844719194775768
-0.996,-0.03766042408597568
-0.994,-0.05641813064857929
-0.992,-0.07508891538453392
-0.99,-0.09364394551091908
-0.988,-0.11205450905779321
-0.986,-0.1302920448458004
-0.984,-0.14832817231364062
-0.982,-0.166134721165748
-0.98,-0.18368376081064336
-0.978,-0.20094762956065318
-0.976,-0.21789896356392052
-0.974,-0.23451072543989795
-0.972,-0.2507562325897982
-0.97,-0.2666091851538235
-0.968,-0.28204369358730924
-0.966,-0.2970343058283173
-0.964,-0.31155603402961585
-0.962,-0.32558438082840613
-0.96,-0.33909536512761823
-0.958,-0.3520655473630792
-0.956,-0.3644720542313653
-0.954,-0.3762926028536763
-0.952,-0.3875055243516548
-0.95,-0.3980897868116009
-0.948,-0.4080250176142026
-0.946,-0.4172915251074732
-0.944,-0.42587031960127225
-0.942,-0.43374313366243955
-0.94,-0.4408924416902691
-0.938,-0.44730147875276116
-0.9359999999999999,-0.45295425866481287
-0.9339999999999999,-0.4578355912902817
-0.9319999999999999,-0.46193109905057994
-0.9299999999999999,-0.4652272326232956
-0.9279999999999999,-0.46771128581508675
-0.9259999999999999,-0.4693714095939488
-0.9239999999999999,-0.4701966252667633
-0.9219999999999999,-0.47017683678889305
-0.9199999999999999,-0.4693028421934382
-0.9179999999999999,-0.4675663441286513
-0.9159999999999999,-0.4649599594928706
-0.9139999999999999,-0.461477228157241
-0.9119999999999999,-0.4571126207673928
-0.9099999999999999,-0.4518615456161409
-0.9079999999999999,-0.4457203545802083
-0.9059999999999999,-0.4386863481148915
-0.9039999999999999,-0.4307577793015146
-0.9019999999999999,-0.4219338569434632
-0.8999999999999999,-0.412214747707526
-0.8979999999999999,-0.40160157730821167
-0.8959999999999999,-0.39009643073366573
-0.8939999999999999,-0.3777023515127451
-0.8919999999999999,-0.36442334002377663
-0.8899999999999999,-0.35026435084644725
-0.8879999999999999,-0.3352312891592435
-0.8859999999999999,-0.3193310061857896
-0.8839999999999999,-0.30257129369437796
-0.8819999999999999,-0.28496087755591715
-0.8799999999999999,-0.26650941036646325
-0.8779999999999999,-0.2472274631414194
-0.8759999999999999,-0.22712651608940104
-0.8739999999999999,-0.20621894847469469
-0.8719999999999999,-0.1845180275781113
-0.8699999999999999,-0.16203789676695435
-0.8679999999999999,-0.13879356268568754
-0.8659999999999999,-0.11480088157975932
-0.8639999999999999,-0.09007654476590898
-0.8619999999999999,-0.06463806326311161
-0.8599999999999999,-0.03850375159915653
-0.8579999999999999,-0.011692710808665185
-0.8559999999999999,0.015775189360831332
-0.8539999999999999,0.043879329017377455
-0.8519999999999999,0.07259835744946797
-0.8499999999999999,0.10191021318840288
-0.8479999999999999,0.1317921447884981
-0.8459999999999999,0.1622207323047784
-0.8439999999999999,0.1931719094471258
-0.8419999999999999,0.22462098638916794
-0.8399999999999999,0.25654267320954427
-0.8379999999999999,0.2889111039425635
-0.8359999999999999,0.32169986121465777
-0.8339999999999999,0.3548820014424676
-0.8319999999999999,0.3884300805678139
-0.8299999999999998,0.4223161803043203
-0.8279999999999998,0.456511934869884
-0.8259999999999998,0.49098855817876724
-0.8239999999999998,0.525716871466589
-0.8219999999999998,0.5606673313210824
-0.8199999999999998,0.5958100580910747
-0.8179999999999998,0.6311148646457705
-0.8159999999999998,0.6665512854560668
-0.8139999999999998,0.7020886059693316
-0.8119999999999998,0.7376958922487372
-0.8099999999999998,0.7733420208480242
-0.8079999999999998,0.8089957088923113
-0.8059999999999998,0.8446255443353631
-0.8039999999999998,0.8802000163635539
-0.8019999999999998,0.9156875459166187
-0.7999999999999998,0.9510565162951579
-0.7979999999999998,0.9862753038247755
-0.7959999999999998,1.0213123085466933
-0.7939999999999998,1.0561359849046041
-0.7919999999999998,1.090714872397582
-0.7899999999999998,1.1250176261688656
-0.7879999999999998,1.159013047500402
-0.7859999999999998,1.1926701141831229
-0.7839999999999998,1.225958010733051
-0.7819999999999998,1.2588461584234802
-0.7799999999999998,1.2913042451036403
-0.7779999999999998,1.3233022547745006
-0.7759999999999998,1.3548104968925496
-0.7739999999999998,1.385799635372698
-0.7719999999999998,1.416240717261727
-0.7699999999999998,1.4461052010540276
-0.7679999999999998,1.4753649846217265
-0.7659999999999998,1.5039924327316756
-0.7639999999999998,1.5319604041221728
-0.7619999999999998,1.5592422781127482
-0.7599999999999998,1.585811980720748
-0.7579999999999998,1.611644010258997
-0.7559999999999998,1.6367134623892818
-0.7539999999999998,1.6609960546069544
-0.7519999999999998,1.6844681501325072
-0.7499999999999998,1.7071067811865497
-0.7479999999999998,1.7288896716252309
-0.7459999999999998,1.7497952589137626
-0.7439999999999998,1.7698027154163811
-0.7419999999999998,1.7888919689817104
-0.7399999999999998,1.8070437228032212
-0.7379999999999998,1.8242394745351778
-0.7359999999999998,1.8404615346451894
-0.7339999999999998,1.8556930439852453
-0.7319999999999998,1.869917990563874
-0.7299999999999998,1.8831212255028478
-0.7279999999999998,1.8952884781626727
-0.7259999999999998,1.9064063704218968
-0.7239999999999998,1.9164624300961208
-0.7219999999999998,1.925445103483432
-0.7199999999999998,1.9333437670238434
-0.7179999999999997,1.9401487380611906
-0.7159999999999997,1.945851284696825
-0.7139999999999997,1.9504436347253251
-0.7119999999999997,1.953918983643363
-0.7099999999999997,1.9562715017237693
-0.7079999999999997,1.9574963401477519
-0.7059999999999997,1.9575896361891658
-0.7039999999999997,1.9565485174456472
-0.7019999999999997,1.954371105112374
-0.6999999999999997,1.951056516295153
-0.6979999999999997,1.946604865360475
-0.6959999999999997,1.941017264321135
-0.6939999999999997,1.9342958222569528
-0.6919999999999997,1.9264436437710888
-0.6899999999999997,1.9174648264833878
-0.6879999999999997,1.9073644575631452
-0.6859999999999997,1.896148609304616
-0.6839999999999997,1.8838243337495468
-0.6819999999999997,1.8703996563619367
-0.6799999999999997,1.8558835687611703
-0.6779999999999997,1.8402860205205935
-0.6759999999999997,1.8236179100395122
-0.6739999999999997,1.8058910744975227
-0.6719999999999997,1.7871182789009699
-0.6699999999999997,1.7673132042322286
-0.6679999999999997,1.746490434713386
-0.6659999999999997,1.7246654441967757
-0.6639999999999997,1.701854581695664
-0.6619999999999997,1.6780750560692492
-0.6599999999999997,1.6533449198769579
-0.6579999999999997,1.6276830524178274
-0.6559999999999997,1.601109141971597
-0.6539999999999997,1.5736436672588825
-0.6519999999999997,1.545307878138591
-0.6499999999999997,1.5161237755614905
-0.6479999999999997,1.4861140907995605
-0.6459999999999997,1.4553022639714825
-0.6439999999999997,1.4237124218853026
-0.6419999999999997,1.3913693552199937
-0.6399999999999997,1.3582984950682562
-0.6379999999999997,1.3245258888635723
-0.6359999999999997,1.2900781757150943
-0.6339999999999997,1.2549825611745473
-0.6319999999999997,1.2192667914598836
-0.6299999999999997,1.1829591271609525
-0.6279999999999997,1.1460883164529723
-0.6259999999999997,1.1086835678440585
-0.6239999999999997,1.07077452248352
-0.6219999999999997,1.0323912260580892
-0.6199999999999997,0.9935641003036291
-0.6179999999999997,0.9543239141602466
-0.6159999999999997,0.9147017545990994
-0.6139999999999997,0.874728997149492
-0.6119999999999997,0.8344372761551624
-0.6099999999999997,0.7938584547889123
-0.6079999999999997,0.7530245948549965
-0.6059999999999997,0.7119679264088405
-0.6039999999999996,0.6707208172239111
-0.6019999999999996,0.6293157421356395
-0.5999999999999996,0.5877852522924656
-0.5979999999999996,0.5461619443441317
-0.5959999999999996,0.5044784295974357
-0.5939999999999996,0.46276730316966674
-0.5919999999999996,0.4210611131699562
-0.5899999999999996,0.37939232993875716
-0.5879999999999996,0.33779331537556256
-0.5859999999999996,0.2962962923849556
-0.5839999999999996,0.2549333144708982
-0.5819999999999996,0.21373623550905457
-0.5799999999999996,0.1727366797267602
-0.5779999999999996,0.13196601192003365
-0.5759999999999996,0.09145530793680123
-0.5739999999999996,0.051235325455243175
-0.5719999999999996,0.011336475085851894
-0.5699999999999996,-0.02821120817448236
-0.5679999999999996,-0.06737809310843923
-0.5659999999999996,-0.10613498003671618
-0.5639999999999996,-0.14445312814180156
-0.5619999999999996,-0.1823042823303368
-0.5599999999999996,-0.21966069960780227
-0.5579999999999996,-0.25649517493973417
-0.5559999999999996,-0.29278106657418046
-0.5539999999999996,-0.32849232080067287
-0.5519999999999996,-0.3636034961214867
-0.5499999999999996,-0.39808978681160734
-0.5479999999999996,-0.4319270458443833
-0.5459999999999996,-0.4650918071604899
-0.5439999999999996,-0.49756130725847036
-0.5419999999999996,-0.5293135060857997
-0.5399999999999996,-0.5603271072100998
-0.5379999999999996,-0.5905815772508437
-0.5359999999999996,-0.6200571645526403
-0.5339999999999996,-0.6487349170818952
-0.5319999999999996,-0.6765966995294626
-0.5299999999999996,-0.7036252096026491
-0.5279999999999996,-0.7298039934907488
-0.5259999999999996,-0.7551174604891027
-0.5239999999999996,-0.7795508967675
-0.5219999999999996,-0.8030904782695929
-0.5199999999999996,-0.8257232827308543
-0.5179999999999996,-0.8474373008034661
-0.5159999999999996,-0.8682214462774208
-0.5139999999999996,-0.8880655653880086
-0.5119999999999996,-0.9069604452007602
-0.5099999999999996,-0.9248978210658281
-0.5079999999999996,-0.941870383134712
-0.5059999999999996,-0.957871781933149
-0.5039999999999996,-0.9728966329849376
-0.5019999999999996,-0.9869405204823819
-0.49999999999999956,-1.0000000000000029
-0.49799999999999955,-1.012072600249087
-0.49599999999999955,-1.0231568238716116
-0.49399999999999955,-1.033252147273017
-0.49199999999999955,-1.0423590194942491
-0.48999999999999955,-1.0504788601244528
-0.48799999999999955,-1.057614056256623
-0.48599999999999954,-1.0637679584894921
-0.48399999999999954,-1.0689448759798472
-0.48199999999999954,-1.0731500705504255
-0.47999999999999954,-1.0763897498594586
-0.47799999999999954,-1.078671059638864
-0.47599999999999953,-1.0800020750090087
-0.47399999999999953,-1.0803917908788645
-0.47199999999999953,-1.0798501114412953
-0.46999999999999953,-1.0783878387740922
-0.4679999999999995,-1.0760166605582697
-0.4659999999999995,-1.0727491369259974
-0.4639999999999995,-1.068598686451395
-0.4619999999999995,-1.0635795712982852
-0.4599999999999995,-1.057706881539801
-0.4579999999999995,-1.0509965186655854
-0.4559999999999995,-1.0434651782931126
-0.4539999999999995,-1.0351303321004335
-0.4519999999999995,-1.0260102089984442
-0.4499999999999995,-1.0161237755614922
-0.4479999999999995,-1.0054907157358954
-0.4459999999999995,-0.9941314098466354
-0.4439999999999995,-0.9820669129232037
-0.4419999999999995,-0.9693189323662235
-0.4399999999999995,-0.9559098049771475
-0.4379999999999995,-0.9418624733739283
-0.4359999999999995,-0.9272004618161951
-0.4339999999999995,-0.9119478514640302
-0.4319999999999995,-0.8961292550949951
-0.4299999999999995,-0.8797697913046152
-0.4279999999999995,-0.8628950582160013
-0.4259999999999995,-0.8455311067248084
-0.4239999999999995,-0.8277044133061607
-0.4219999999999995,-0.809441852410619
-0.4199999999999995,-0.7907706684766579
-0.4179999999999995,-0.7717184475875158
-0.4159999999999995,-0.75231308880061
-0.4139999999999995,-0.7325827751780435
-0.4119999999999995,-0.712555944547015
-0.4099999999999995,-0.6922612600192224
-0.4079999999999995,-0.671727580298568
-0.4059999999999995,-0.6509839298066963
-0.40399999999999947,-0.6300594686560641
-0.40199999999999947,-0.6089834625003904
-0.39999999999999947,-0.5877852522924679
-0.39799999999999947,-0.5664942239793842
-0.39599999999999946,-0.545139778165286
-0.39399999999999946,-0.5237512997718142
-0.39199999999999946,-0.5023581277263908
-0.38999999999999946,-0.4809895247084524
-0.38799999999999946,-0.45967464698371346
-0.38599999999999945,-0.43844251435640796
-0.38399999999999945,-0.41732198026939127
-0.38199999999999945,-0.396341702081789
-0.37999999999999945,-0.37553011155373506
-0.37799999999999945,-0.3549153855675077
-0.37599999999999945,-0.33452541711416567
-0.37399999999999944,-0.3143877865744994
-0.37199999999999944,-0.29452973332282845
-0.36999999999999944,-0.274978127681859
-0.36799999999999944,-0.2557594432564533
-0.36599999999999944,-0.23689972967380568
-0.36399999999999944,-0.21842458575710166
-0.36199999999999943,-0.20035913315931186
-0.35999999999999943,-0.182727990483311
-0.35799999999999943,-0.1655552479140422
-0.35599999999999943,-0.14886444238792407
-0.3539999999999994,-0.13267853332417878
-0.3519999999999994,-0.11701987894218324
-0.3499999999999994,-0.10191021318839566
-0.3479999999999994,-0.0873706232957685
-0.3459999999999994,-0.07342152799796364
-0.3439999999999994,-0.06008265642001964
-0.3419999999999994,-0.047373027666447576
-0.3399999999999994,-0.03531093112706429
-0.3379999999999994,-0.023913907520126454
-0.3359999999999994,-0.01319873069163413
-0.3339999999999994,-0.003181390188888744
-0.3319999999999994,0.00612292537434056
-0.3299999999999994,0.014699844144506868
-0.3279999999999994,0.022535826031068518
-0.3259999999999994,0.02961817687043855
-0.3239999999999994,0.03593506173698946
-0.3219999999999994,0.04147551738785582
-0.3199999999999994,0.04622946382913551
-0.3179999999999994,0.05018771499194863
-0.3159999999999994,0.05334198850771443
-0.3139999999999994,0.0556849145728775
-0.3119999999999994,0.05721004389423112
-0.3099999999999994,0.05791185470688642
-0.3079999999999994,0.05778575885786563
-0.3059999999999994,0.05682810694920548
-0.3039999999999994,0.05503619253540648
-0.3019999999999994,0.052408255370986256
-0.2999999999999994,0.04894348370484514
-0.2979999999999994,0.044642015619087094
-0.2959999999999994,0.03950493941089395
-0.2939999999999994,0.03353429301699207
-0.29199999999999937,0.026733062481201553
-0.28999999999999937,0.01910517946650414
-0.28799999999999937,0.010655517814011972
-0.28599999999999937,0.0013898891521669787
-0.28399999999999936,-0.008684962439565735
-0.28199999999999936,-0.01956136670730735
-0.27999999999999936,-0.031230734433538854
-0.27799999999999936,-0.04368356557498421
-0.27599999999999936,-0.05690945831962113
-0.27399999999999936,-0.07089711905393759
-0.27199999999999935,-0.0856343732306366
-0.26999999999999935,-0.10110817712611497
-0.26799999999999935,-0.11730463047615036
-0.26599999999999935,-0.1342089899773623
-0.26399999999999935,-0.1518056836411633
-0.26199999999999934,-0.1700783259860581
-0.25999999999999934,-0.18900973405333077
-0.25799999999999934,-0.20858194423033383
-0.25599999999999934,-0.22877622986480683
-0.25399999999999934,-0.24957311965284756
-0.25199999999999934,-0.2709524167824119
-0.24999999999999933,-0.2928932188134601
-0.24799999999999933,-0.31537393827513516
-0.24599999999999933,-0.3383723239596558
-0.24399999999999933,-0.3618654828919077
-0.24199999999999933,-0.3858299029530491
-0.23999999999999932,-0.41024147613580697
-0.23799999999999932,-0.4350755224084918
-0.23599999999999932,-0.4603068141641846
-0.23399999999999932,-0.4859096012309376
-0.23199999999999932,-0.5118576364183023
-0.22999999999999932,-0.5381242015749401
-0.22799999999999931,-0.564682134131588
-0.2259999999999993,-0.5915038541031428
-0.2239999999999993,-0.6185613915231998
-0.2219999999999993,-0.6458264142839235
-0.2199999999999993,-0.6732702563537512
-0.2179999999999993,-0.7008639463450274
-0.2159999999999993,-0.7285782364033482
-0.2139999999999993,-0.7563836313900445
-0.2119999999999993,-0.784250418328959
-0.2099999999999993,-0.8121486960884103
-0.2079999999999993,-0.8400484052689794
-0.2059999999999993,-0.8679193582675817
-0.2039999999999993,-0.8957312694880724
-0.2019999999999993,-0.9234537856685248
-0.1999999999999993,-0.9510565162951634
-0.1979999999999993,-0.9785090640728825
-0.19599999999999929,-1.0057810554221875
-0.19399999999999928,-1.0328421709723983
-0.19199999999999928,-1.059662176020926
-0.18999999999999928,-1.0862109509284916
-0.18799999999999928,-1.112458521420192
-0.18599999999999928,-1.138375088762422
-0.18399999999999928,-1.1639310597857817
-0.18199999999999927,-1.189097076724234
-0.17999999999999927,-1.2138440468409761
-0.17799999999999927,-1.2381431718116713
-0.17599999999999927,-1.2619659768359506
-0.17399999999999927,-1.2852843394483335
-0.17199999999999926,-1.3080705180000345
-0.16999999999999926,-1.3302971797834184
-0.16799999999999926,-1.3519374287712491
-0.16599999999999926,-1.3729648329432145
-0.16399999999999926,-1.3933534511726562
-0.16199999999999926,-1.4130778596468296
-0.15999999999999925,-1.432113177794495
-0.15799999999999925,-1.4504350936951251
-0.15599999999999925,-1.4680198889445086
-0.15399999999999925,-1.4848444629520858
-0.15199999999999925,-1.5008863566458785
-0.14999999999999925,-1.5161237755615007
-0.14799999999999924,-1.5305356122922933
-0.14599999999999924,-1.5441014682783
-0.14399999999999924,-1.5568016749124127
-0.14199999999999924,-1.5686173139427182
-0.13999999999999924,-1.5795302371507407
-0.13799999999999923,-1.5895230852860132
-0.13599999999999923,-1.5985793062381222
-0.13399999999999923,-1.6066831724281285
-0.13199999999999923,-1.61381979740204
-0.12999999999999923,-1.6199751516097816
-0.12799999999999923,-1.6251360773539283
-0.12599999999999922,-1.629290302893268
-0.12399999999999922,-1.6324264556871015
-0.12199999999999922,-1.634534074767031
-0.11999999999999922,-1.6356036222238424
-0.11799999999999922,-1.6356264937979672
-0.11599999999999921,-1.634595028562882
-0.11399999999999921,-1.632502517691703
-0.11199999999999921,-1.6293432122981315
-0.10999999999999921,-1.6251123303438255
-0.10799999999999921,-1.619806062605176
-0.1059999999999992,-1.6134215776934115
-0.1039999999999992,-1.6059570261228737
-0.1019999999999992,-1.5974115434232468
-0.0999999999999992,-1.587785252292469
-0.0979999999999992,-1.5770792637879947
-0.0959999999999992,-1.565295677555023
-0.0939999999999992,-1.5524375810912625
-0.0919999999999992,-1.538509048048741
-0.08999999999999919,-1.523515135574128
-0.08799999999999919,-1.5074618806899776
-0.08599999999999919,-1.4903562957202467
-0.08399999999999919,-1.4722063627643844
-0.08199999999999918,-1.4530210272252266
-0.07999999999999918,-1.4328101903968602
-0.07799999999999918,-1.411584701119549
-0.07599999999999918,-1.3893563465097298
-0.07399999999999918,-1.3661378417740035
-0.07199999999999918,-1.3419428191169422
-0.06999999999999917,-1.31678581575343
-0.06799999999999917,-1.2906822610371367
-0.06599999999999917,-1.2636484627175948
-0.06399999999999917,-1.2357015923392056
-0.06199999999999917,-1.2068596697963507
-0.059999999999999165,-1.1771415470596127
-0.05799999999999916,-1.1465668910889282
-0.05599999999999916,-1.1151561659502929
-0.05399999999999916,-1.0829306141534325
-0.05199999999999916,-1.049912237228607
-0.049999999999999156,-1.0161237755614805
-0.047999999999999154,-0.9815886875057087
-0.04599999999999915,-0.9463311277936128
-0.04399999999999915,-0.9103759252659995
-0.04199999999999915,-0.8737485599428576
-0.03999999999999915,-0.8364751394573118
-0.037999999999999146,-0.7985823748758389
-0.035999999999999144,-0.7600975559283611
-0.03399999999999914,-0.7210485256724091
-0.03199999999999914,-0.6814636546161051
-0.02999999999999914,-0.641371814325254
-0.027999999999999137,-0.600802350540331
-0.025999999999999135,-0.5597850558296463
-0.023999999999999133,-0.5183501418054169
-0.02199999999999913,-0.47652821092991116
-0.01999999999999913,-0.4343502279392332
-0.017999999999999128,-0.39184749091269233
-0.015999999999999126,-0.3490516020160509
-0.013999999999999126,-0.30599443794726683
-0.011999999999999126,-0.26270812011363837
-0.009999999999999126,-0.2192249845695252
-0.007999999999999126,-0.1755775517440547
-0.005999999999999126,-0.1317984959884297
-0.003999999999999126,-0.08792061497263165
-0.0019999999999991257,-0.04397679896146167
8.743006318923108e-16,1.9226875095272585e-14
0.0020000000000008743,0.04397679896150013
0.004000000000000874,0.08792061497267004
0.006000000000000874,0.13179849598846802
0.008000000000000874,0.1755775517440929
0.010000000000000875,0.2192249845695633
0.012000000000000875,0.26270812011367634
0.014000000000000875,0.30599443794730463
0.016000000000000875,0.3490516020160884
0.018000000000000876,0.39184749091272963
0.020000000000000878,0.4343502279392702
0.02200000000000088,0.4765282109299479
0.024000000000000882,0.5183501418054534
0.026000000000000884,0.5597850558296824
0.028000000000000885,0.6008023505403668
0.030000000000000887,0.6413718143252893
0.03200000000000089,0.6814636546161399
0.03400000000000089,0.7210485256724434
0.03600000000000089,0.7600975559283951
0.038000000000000894,0.7985823748758724
0.040000000000000896,0.8364751394573446
0.0420000000000009,0.87374855994289
0.0440000000000009,0.9103759252660312
0.0460000000000009,0.946331127793644
0.0480000000000009,0.9815886875057392
0.050000000000000905,1.0161237755615105
0.05200000000000091,1.0499122372286362
0.05400000000000091,1.082930614153461
0.05600000000000091,1.1151561659503209
0.05800000000000091,1.146566891088955
0.060000000000000914,1.1771415470596391
0.062000000000000915,1.2068596697963763
0.06400000000000092,1.2357015923392305
0.06600000000000092,1.2636484627176188
0.06800000000000092,1.2906822610371598
0.07000000000000092,1.3167858157534522
0.07200000000000092,1.3419428191169638
0.07400000000000093,1.3661378417740244
0.07600000000000093,1.3893563465097498
0.07800000000000093,1.4115847011195681
0.08000000000000093,1.4328101903968784
0.08200000000000093,1.4530210272252437
0.08400000000000094,1.4722063627644006
0.08600000000000094,1.4903562957202623
0.08800000000000094,1.5074618806899922
0.09000000000000094,1.5235151355741414
0.09200000000000094,1.5385090480487538
0.09400000000000094,1.5524375810912743
0.09600000000000095,1.5652956775550337
0.09800000000000095,1.5770792637880047
0.10000000000000095,1.5877852522924778
0.10200000000000095,1.5974115434232545
0.10400000000000095,1.6059570261228808
0.10600000000000095,1.6134215776934175
0.10800000000000096,1.6198060626051811
0.11000000000000096,1.6251123303438297
0.11200000000000096,1.6293432122981346
0.11400000000000096,1.6325025176917052
0.11600000000000096,1.6345950285628834
0.11800000000000097,1.6356264937979677
0.12000000000000097,1.635603622223842
0.12200000000000097,1.6345340747670296
0.12400000000000097,1.6324264556870993
0.12600000000000097,1.6292903028932648
0.12800000000000097,1.625136077353924
0.13000000000000098,1.6199751516097765
0.13200000000000098,1.6138197974020343
0.13400000000000098,1.6066831724281223
0.13600000000000098,1.5985793062381148
0.13800000000000098,1.5895230852860052
0.14000000000000098,1.5795302371507316
0.142000000000001,1.5686173139427084
0.144000000000001,1.556801674912402
0.146000000000001,1.5441014682782885
0.148000000000001,1.530535612292281
0.150000000000001,1.5161237755614878
0.152000000000001,1.5008863566458648
0.154000000000001,1.4848444629520712
0.156000000000001,1.4680198889444935
0.158000000000001,1.4504350936951091
0.160000000000001,1.4321131777944789
0.162000000000001,1.4130778596468128
0.164000000000001,1.393353451172639
0.166000000000001,1.3729648329431963
0.168000000000001,1.3519374287712305
0.170000000000001,1.3302971797833993
0.172000000000001,1.3080705180000147
0.17400000000000101,1.2852843394483133
0.17600000000000102,1.26196597683593
0.17800000000000102,1.2381431718116502
0.18000000000000102,1.2138440468409546
0.18200000000000102,1.1890970767242122
0.18400000000000102,1.1639310597857595
0.18600000000000103,1.1383750887624
0.18800000000000103,1.1124585214201694
0.19000000000000103,1.086210950928469
0.19200000000000103,1.0596621760209026
0.19400000000000103,1.0328421709723747
0.19600000000000103,1.0057810554221638
0.19800000000000104,0.9785090640728586
0.20000000000000104,0.9510565162951392
0.20200000000000104,0.9234537856685004
0.20400000000000104,0.8957312694880479
0.20600000000000104,0.8679193582675573
0.20800000000000105,0.8400484052689551
0.21000000000000105,0.8121486960883858
0.21200000000000105,0.784250418328935
0.21400000000000105,0.7563836313900201
0.21600000000000105,0.7285782364033243
0.21800000000000105,0.700863946345003
0.22000000000000106,0.673270256353727
0.22200000000000106,0.6458264142838996
0.22400000000000106,0.618561391523176
0.22600000000000106,0.5915038541031192
0.22800000000000106,0.5646821341315645
0.23000000000000106,0.538124201574917
0.23200000000000107,0.5118576364182794
0.23400000000000107,0.4859096012309151
0.23600000000000107,0.4603068141641624
0.23800000000000107,0.4350755224084698
0.24000000000000107,0.4102414761357853
0.24200000000000108,0.3858299029530282
0.24400000000000108,0.3618654828918869
0.24600000000000108,0.3383723239596358
0.24800000000000108,0.3153739382751153
0.25000000000000105,0.292893218813441
0.25200000000000106,0.2709524167823931
0.25400000000000106,0.24957311965282947
0.25600000000000106,0.2287762298647894
0.25800000000000106,0.2085819442303164
0.26000000000000106,0.1890097340533139
0.26200000000000107,0.17007832598604233
0.26400000000000107,0.151805683641148
0.26600000000000107,0.1342089899773472
0.26800000000000107,0.11730463047613593
0.2700000000000011,0.10110817712610154
0.2720000000000011,0.08563437323062373
0.2740000000000011,0.07089711905392526
0.2760000000000011,0.05690945831960936
0.2780000000000011,0.04368356557497299
0.2800000000000011,0.03123073443352864
0.2820000000000011,0.0195613667072978
0.2840000000000011,0.008684962439556632
0.2860000000000011,-0.0013898891521754164
0.2880000000000011,-0.010655517814019522
0.2900000000000011,-0.019105179466510913
0.2920000000000011,-0.02673306248120788
0.2940000000000011,-0.03353429301699762
0.2960000000000011,-0.03950493941089872
0.2980000000000011,-0.04464201561909109
0.3000000000000011,-0.04894348370484858
0.3020000000000011,-0.05240825537098903
0.3040000000000011,-0.05503619253540826
0.3060000000000011,-0.0568281069492067
0.3080000000000011,-0.05778575885786619
0.3100000000000011,-0.05791185470688609
0.3120000000000011,-0.05721004389423001
0.3140000000000011,-0.055684914572876054
0.3160000000000011,-0.0533419885077121
0.3180000000000011,-0.0501877149919453
0.3200000000000011,-0.0462294638291314
0.3220000000000011,-0.04147551738785149
0.3240000000000011,-0.03593506173698435
0.3260000000000011,-0.02961817687043311
0.3280000000000011,-0.02253582603106208
0.3300000000000011,-0.014699844144499652
0.3320000000000011,-0.00612292537433301
0.33400000000000113,0.0031813901888968488
0.33600000000000113,0.013198730691643124
0.33800000000000113,0.023913907520136446
0.34000000000000113,0.035310931127074174
0.34200000000000114,0.04737302766645812
0.34400000000000114,0.060082656420030967
0.34600000000000114,0.07342152799797563
0.34800000000000114,0.0873706232957806
0.35000000000000114,0.1019102131884081
0.35200000000000115,0.11701987894219634
0.35400000000000115,0.13267853332419266
0.35600000000000115,0.1488644423879384
0.35800000000000115,0.1655552479140565
0.36000000000000115,0.18272799048332578
0.36200000000000115,0.20035913315932774
0.36400000000000116,0.21842458575711765
0.36600000000000116,0.23689972967382156
0.36800000000000116,0.2557594432564693
0.37000000000000116,0.2749781276818762
0.37200000000000116,0.2945297333228457
0.37400000000000116,0.3143877865745161
0.37600000000000117,0.3345254171141829
0.37800000000000117,0.3549153855675251
0.38000000000000117,0.3755301115537535
0.38200000000000117,0.3963417020818073
0.3840000000000012,0.4173219802694087
0.3860000000000012,0.438442514356426
0.3880000000000012,0.4596746469837324
0.3900000000000012,0.4809895247084714
0.3920000000000012,0.5023581277264085
0.3940000000000012,0.5237512997718324
0.3960000000000012,0.5451397781653049
0.3980000000000012,0.5664942239794032
0.4000000000000012,0.5877852522924856
0.4020000000000012,0.6089834625004079
0.4040000000000012,0.6300594686560819
0.4060000000000012,0.6509839298067149
0.4080000000000012,0.6717275802985856
0.4100000000000012,0.6922612600192393
0.4120000000000012,0.7125559445470317
0.4140000000000012,0.7325827751780613
0.4160000000000012,0.7523130888006274
0.4180000000000012,0.771718447587532
0.4200000000000012,0.7907706684766735
0.4220000000000012,0.8094418524106355
0.4240000000000012,0.8277044133061768
0.4260000000000012,0.8455311067248235
0.4280000000000012,0.8628950582160155
0.4300000000000012,0.8797697913046288
0.4320000000000012,0.8961292550950095
0.4340000000000012,0.9119478514640433
0.4360000000000012,0.9272004618162079
0.4380000000000012,0.9418624733739399
0.4400000000000012,0.9559098049771594
0.4420000000000012,0.9693189323662353
0.4440000000000012,0.9820669129232142
0.44600000000000123,0.9941314098466454
0.44800000000000123,1.005490715735905
0.45000000000000123,1.0161237755615016
0.45200000000000123,1.0260102089984522
0.45400000000000124,1.0351303321004408
0.45600000000000124,1.0434651782931188
0.45800000000000124,1.0509965186655916
0.46000000000000124,1.0577068815398063
0.46200000000000124,1.0635795712982898
0.46400000000000124,1.0685986864513988
0.46600000000000125,1.0727491369260007
0.46800000000000125,1.0760166605582722
0.47000000000000125,1.0783878387740937
0.47200000000000125,1.0798501114412962
0.47400000000000125,1.080391790878865
0.47600000000000126,1.0800020750090078
0.47800000000000126,1.0786710596388627
0.48000000000000126,1.0763897498594561
0.48200000000000126,1.0731500705504224
0.48400000000000126,1.068944875979843
0.48600000000000126,1.0637679584894868
0.48800000000000127,1.0576140562566174
0.49000000000000127,1.0504788601244464
0.49200000000000127,1.042359019494242
0.49400000000000127,1.0332521472730085
0.4960000000000013,1.0231568238716027
0.4980000000000013,1.012072600249077
0.5000000000000012,0.9999999999999926
0.5020000000000012,0.9869405204823708
0.5040000000000012,0.9728966329849252
0.5060000000000012,0.9578717819331359
0.5080000000000012,0.9418703831346985
0.5100000000000012,0.924897821065814
0.5120000000000012,0.9069604452007449
0.5140000000000012,0.8880655653879922
0.5160000000000012,0.8682214462774036
0.5180000000000012,0.8474373008034485
0.5200000000000012,0.8257232827308358
0.5220000000000012,0.8030904782695734
0.5240000000000012,0.7795508967674797
0.5260000000000012,0.7551174604890827
0.5280000000000012,0.7298039934907282
0.5300000000000012,0.7036252096026266
0.5320000000000012,0.6765966995294393
0.5340000000000013,0.6487349170818711
0.5360000000000013,0.620057164552616
0.5380000000000013,0.5905815772508188
0.5400000000000013,0.5603271072100738
0.5420000000000013,0.5293135060857741
0.5440000000000013,0.49756130725844433
0.5460000000000013,0.4650918071604637
0.5480000000000013,0.4319270458443554
0.5500000000000013,0.39808978681157836
0.5520000000000013,0.36360349612145704
0.5540000000000013,0.3284923208006432
0.5560000000000013,0.2927810665741503
0.5580000000000013,0.25649517493970314
0.5600000000000013,0.21966069960777224
0.5620000000000013,0.18230428233030627
0.5640000000000013,0.1444531281417697
0.5660000000000013,0.10613498003668387
0.5680000000000013,0.06737809310840615
0.5700000000000013,0.028211208174448943
0.5720000000000013,-0.011336475085885589
0.5740000000000013,-0.0512353254552767
0.5760000000000013,-0.0914553079368351
0.5780000000000013,-0.13196601192006646
0.5800000000000013,-0.17273667972679319
0.5820000000000013,-0.21373623550908905
0.5840000000000013,-0.2549333144709328
0.5860000000000013,-0.29629629238499067
0.5880000000000013,-0.33779331537559787
0.5900000000000013,-0.37939232993879246
0.5920000000000013,-0.4210611131699912
0.5940000000000013,-0.46276730316969994
0.5960000000000013,-0.5044784295974692
0.5980000000000013,-0.5461619443441653
0.6000000000000013,-0.5877852522925008
0.6020000000000013,-0.6293157421356743
0.6040000000000013,-0.6707208172239457
0.6060000000000013,-0.7119679264088754
0.6080000000000013,-0.7530245948550313
0.6100000000000013,-0.7938584547889466
0.6120000000000013,-0.8344372761551946
0.6140000000000013,-0.8747289971495245
0.6160000000000013,-0.9147017545991332
0.6180000000000013,-0.9543239141602802
0.6200000000000013,-0.9935641003036618
0.6220000000000013,-1.0323912260581216
0.6240000000000013,-1.070774522483552
0.6260000000000013,-1.1086835678440905
0.6280000000000013,-1.1460883164530036
0.6300000000000013,-1.1829591271609816
0.6320000000000013,-1.219266791459912
0.6340000000000013,-1.2549825611745775
0.6360000000000013,-1.2900781757151238
0.6380000000000013,-1.3245258888636011
0.6400000000000013,-1.3582984950682846
0.6420000000000013,-1.3913693552200215
0.6440000000000013,-1.4237124218853296
0.6460000000000014,-1.4553022639715076
0.6480000000000014,-1.4861140907995851
0.6500000000000014,-1.5161237755615142
0.6520000000000014,-1.545307878138615
0.6540000000000014,-1.5736436672589056
0.6560000000000014,-1.60110914197162
0.6580000000000014,-1.6276830524178494
0.6600000000000014,-1.6533449198769792
0.6620000000000014,-1.6780750560692699
0.6640000000000014,-1.7018545816956827
0.6660000000000014,-1.7246654441967937
0.6680000000000014,-1.746490434713404
0.6700000000000014,-1.7673132042322457
0.6720000000000014,-1.7871182789009858
0.6740000000000014,-1.8058910744975378
0.6760000000000014,-1.823617910039527
0.6780000000000014,-1.8402860205206073
0.6800000000000014,-1.8558835687611832
0.6820000000000014,-1.870399656361948
0.6840000000000014,-1.8838243337495573
0.6860000000000014,-1.896148609304626
0.6880000000000014,-1.9073644575631543
0.6900000000000014,-1.9174648264833956
0.6920000000000014,-1.9264436437710954
0.6940000000000014,-1.934295822256959
0.6960000000000014,-1.94101726432114
0.6980000000000014,-1.9466048653604793
0.7000000000000014,-1.9510565162951563
0.7020000000000014,-1.9543711051123767
0.7040000000000014,-1.9565485174456485
0.7060000000000014,-1.9575896361891663
0.7080000000000014,-1.9574963401477512
0.7100000000000014,-1.9562715017237675
0.7120000000000014,-1.9539189836433606
0.7140000000000014,-1.950443634725322
0.7160000000000014,-1.945851284696821
0.7180000000000014,-1.9401487380611857
0.7200000000000014,-1.933343767023837
0.7220000000000014,-1.9254451034834248
0.7240000000000014,-1.9164624300961128
0.7260000000000014,-1.9064063704218877
0.7280000000000014,-1.8952884781626627
0.7300000000000014,-1.883121225502837
0.7320000000000014,-1.8699179905638625
0.7340000000000014,-1.8556930439852337
0.7360000000000014,-1.840461534645177
0.7380000000000014,-1.8242394745351636
0.7400000000000014,-1.8070437228032064
0.7420000000000014,-1.7888919689816944
0.7440000000000014,-1.7698027154163647
0.7460000000000014,-1.749795258913745
0.7480000000000014,-1.7288896716252127
0.7500000000000014,-1.7071067811865321
0.7520000000000014,-1.684468150132489
0.7540000000000014,-1.6609960546069356
0.7560000000000014,-1.636713462389261
0.7580000000000015,-1.6116440102589755
0.7600000000000015,-1.5858119807207258
0.7620000000000015,-1.5592422781127253
0.7640000000000015,-1.5319604041221495
0.7660000000000015,-1.5039924327316516
0.7680000000000015,-1.4753649846217034
0.7700000000000015,-1.4461052010540043
0.7720000000000015,-1.4162407172617015
0.7740000000000015,-1.385799635372672
0.7760000000000015,-1.3548104968925232
0.7780000000000015,-1.3233022547744737
0.7800000000000015,-1.2913042451036127
0.7820000000000015,-1.258846158423453
0.7840000000000015,-1.2259580107330248
0.7860000000000015,-1.1926701141830962
0.7880000000000015,-1.159013047500375
0.7900000000000015,-1.1250176261688365
0.7920000000000015,-1.0907148723975526
0.7940000000000015,-1.0561359849045746
0.7960000000000015,-1.0213123085466635
0.7980000000000015,-0.9862753038247457
0.8000000000000015,-0.951056516295128
0.8020000000000015,-0.9156875459165907
0.8040000000000015,-0.880200016363526
0.8060000000000015,-0.8446255443353329
0.8080000000000015,-0.8089957088922811
0.8100000000000015,-0.773342020847994
0.8120000000000015,-0.7376958922487069
0.8140000000000015,-0.7020886059693014
0.8160000000000015,-0.6665512854560367
0.8180000000000015,-0.6311148646457405
0.8200000000000015,-0.5958100580910468
0.8220000000000015,-0.5606673313210546
0.8240000000000015,-0.5257168714665594
0.8260000000000015,-0.49098855817873777
0.8280000000000015,-0.4565119348698549
0.8300000000000015,-0.4223161803042913
0.8320000000000015,-0.38843008056778533
0.8340000000000015,-0.3548820014424393
0.8360000000000015,-0.32169986121463134
0.8380000000000015,-0.2889111039425377
0.8400000000000015,-0.25654267320951885
0.8420000000000015,-0.2246209863891412
0.8440000000000015,-0.19317190944709928
0.8460000000000015,-0.16222073230475242
0.8480000000000015,-0.13179214478847256
0.8500000000000015,-0.10191021318837767
0.8520000000000015,-0.07259835744944332
0.8540000000000015,-0.043879329017354585
0.8560000000000015,-0.015775189360809017
0.8580000000000015,0.011692710808687723
0.8600000000000015,0.038503751599178404
0.8620000000000015,0.06463806326313348
0.8640000000000015,0.0900765447659303
0.8660000000000015,0.11480088157977997
0.8680000000000015,0.13879356268570764
0.8700000000000015,0.16203789676697367
0.8720000000000016,0.1845180275781294
0.8740000000000016,0.206218948474712
0.8760000000000016,0.2271265160894178
0.8780000000000016,0.2472274631414355
0.8800000000000016,0.26650941036647924
0.8820000000000016,0.28496087755593236
0.8840000000000016,0.3025712936943926
0.8860000000000016,0.31933100618580346
0.8880000000000016,0.33523128915925626
0.8900000000000016,0.35026435084645935
0.8920000000000016,0.36442334002378807
0.8940000000000016,0.3777023515127552
0.8960000000000016,0.39009643073367517
0.8980000000000016,0.4016015773082211
0.9000000000000016,0.41221474770753463
0.9020000000000016,0.4219338569434711
0.9040000000000016,0.4307577793015216
0.9060000000000016,0.43868634811489793
0.9080000000000016,0.4457203545802142
0.9100000000000016,0.45186154561614567
0.9120000000000016,0.4571126207673969
0.9140000000000016,0.46147722815724357
0.9160000000000016,0.4649599594928724
0.9180000000000016,0.4675663441286531
0.9200000000000016,0.4693028421934393
0.9220000000000016,0.47017683678889344
0.9240000000000016,0.47019662526676353
0.9260000000000016,0.4693714095939484
0.9280000000000016,0.4677112858150849
0.9300000000000016,0.4652272326232931
0.9320000000000016,0.46193109905057594
0.9340000000000016,0.45783559129027707
0.9360000000000016,0.4529542586648084
0.9380000000000016,0.447301478752756
0.9400000000000016,0.44089244169026437
0.9420000000000016,0.43374313366243417
0.9440000000000016,0.42587031960126637
0.9460000000000016,0.4172915251074656
0.9480000000000016,0.4080250176141945
0.9500000000000016,0.39808978681159135
0.9520000000000016,0.3875055243516447
0.9540000000000016,0.3762926028536665
0.9560000000000016,0.36447205423135504
0.9580000000000016,0.35206554736306983
0.9600000000000016,0.33909536512760846
0.9620000000000016,0.32558438082839436
0.9640000000000016,0.31155603402960375
0.9660000000000016,0.2970343058283048
0.9680000000000016,0.2820436935872954
0.9700000000000016,0.26660918515380927
0.9720000000000016,0.2507562325897837
0.9740000000000016,0.23451072543988405
0.9760000000000016,0.21789896356390792
0.9780000000000016,0.20094762956064036
0.9800000000000016,0.18368376081062857
0.9820000000000016,0.166134721165733
0.9840000000000017,0.1483281723136254
0.9860000000000017,0.130292044845785
0.9880000000000017,0.11205450905777678
0.9900000000000017,0.09364394551090252
0.9920000000000017,0.0750889153845199
0.9940000000000017,0.056418130648565185
0.9960000000000017,0.03766042408596153
0.9980000000000017,0.018844719194759794
