-1.0,-1.0,2.061153622438558e-09
-1.0,-0.95,5.464462900607136e-09
-1.0,-0.8999999999999999,1.3780655548945766e-08
-1.0,-0.8499999999999999,3.305807413103671e-08
-1.0,-0.7999999999999998,7.543458349844286e-08
-1.0,-0.7499999999999998,1.6373771305908213e-07
-1.0,-0.6999999999999997,3.3807434839047547e-07
-1.0,-0.6499999999999997,6.639891685684118e-07
-1.0,-0.5999999999999996,1.2404950799567179e-06
-1.0,-0.5499999999999996,2.2045216750777566e-06
-1.0,-0.4999999999999996,3.726653172078691e-06
-1.0,-0.4499999999999996,5.99251120980795e-06
-1.0,-0.39999999999999963,9.166087736247651e-06
-1.0,-0.34999999999999964,1.3336578961877491e-05
-1.0,-0.29999999999999966,1.8458233995780592e-05
-1.0,-0.24999999999999967,2.430083125932955e-05
-1.0,-0.19999999999999968,3.0432483008403733e-05
-1.0,-0.1499999999999997,3.625258024588072e-05
-1.0,-0.09999999999999969,4.1079555225300724e-05
-1.0,-0.049999999999999684,4.4279001502741644e-05
-1.0,3.191891195797325e-16,4.5399929762484854e-05
-1.0,0.05000000000000032,4.4279001502741644e-05
-1.0,0.10000000000000032,4.1079555225300724e-05
-1.0,0.15000000000000033,3.625258024588065e-05
-1.0,0.20000000000000034,3.0432483008403625e-05
-1.0,0.25000000000000033,2.430083125932942e-05
-1.0,0.3000000000000003,1.8458233995780524e-05
-1.0,0.3500000000000003,1.3336578961877444e-05
-1.0,0.4000000000000003,9.166087736247602e-06
-1.0,0.4500000000000003,5.992511209807918e-06
-1.0,0.5000000000000003,3.726653172078658e-06
-1.0,0.5500000000000004,2.2045216750777366e-06
-1.0,0.6000000000000004,1.2404950799567068e-06
-1.0,0.6500000000000005,6.639891685684059e-07
-1.0,0.7000000000000005,3.3807434839047187e-07
-1.0,0.7500000000000006,1.637377130590798e-07
-1.0,0.8000000000000006,7.543458349844179e-08
-1.0,0.8500000000000006,3.305807413103624e-08
-1.0,0.9000000000000007,1.3780655548945571e-08
-1.0,0.9500000000000007,5.464462900607058e-09
-0.95,-1.0,5.464462900607136e-09
-0.95,-0.95,1.4487204867720565e-08
-0.95,-0.8999999999999999,3.653482213721058e-08
-0.95,-0.8499999999999999,8.764248219443668e-08
-0.95,-0.7999999999999998,1.9998969434520124e-07
-0.95,-0.7499999999999998,4.34096056063517e-07
-0.95,-0.6999999999999997,8.962916273271387e-07
-0.95,-0.6499999999999997,1.7603463121561787e-06
-0.95,-0.5999999999999996,3.288759881366502e-06
-0.95,-0.5499999999999996,5.844555580866598e-06
-0.95,-0.4999999999999996,9.879980696519344e-06
-0.95,-0.4499999999999996,1.5887149230888574e-05
-0.95,-0.39999999999999963,2.4300831259329594e-05
-0.95,-0.34999999999999964,3.535750085041011e-05
-0.95,-0.29999999999999966,4.8935864742258036e-05
-0.95,-0.24999999999999967,6.442556703435553e-05
-0.95,-0.19999999999999968,8.068160110066513e-05
-0.95,-0.1499999999999997,9.611165206139487e-05
-0.95,-0.09999999999999969,0.00010890876985506664
-0.95,-0.049999999999999684,0.00011739103691911818
-0.95,3.191891195797325e-16,0.00012036280516721338
-0.95,0.05000000000000032,0.00011739103691911818
-0.95,0.10000000000000032,0.00010890876985506645
-0.95,0.15000000000000033,9.61116520613947e-05
-0.95,0.20000000000000034,8.068160110066498e-05
-0.95,0.25000000000000033,6.442556703435542e-05
-0.95,0.3000000000000003,4.893586474225786e-05
-0.95,0.3500000000000003,3.535750085040998e-05
-0.95,0.4000000000000003,2.430083125932942e-05
-0.95,0.4500000000000003,1.588714923088849e-05
-0.95,0.5000000000000003,9.879980696519274e-06
-0.95,0.5500000000000004,5.844555580866545e-06
-0.95,0.6000000000000004,3.288759881366473e-06
-0.95,0.6500000000000005,1.7603463121561598e-06
-0.95,0.7000000000000005,8.962916273271291e-07
-0.95,0.7500000000000006,4.340960560635116e-07
-0.95,0.8000000000000006,1.9998969434519876e-07
-0.95,0.8500000000000006,8.764248219443543e-08
-0.95,0.9000000000000007,3.6534822137210065e-08
-0.95,0.9500000000000007,1.4487204867720309e-08
-0.8999999999999999,-1.0,1.3780655548945766e-08
-0.8999999999999999,-0.95,3.653482213721058e-08
-0.8999999999999999,-0.8999999999999999,9.213600834566168e-08
-0.8999999999999999,-0.8499999999999999,2.2102279410515374e-07
-0.8999999999999999,-0.7999999999999998,5.043476625678908e-07
-0.8999999999999999,-0.7499999999999998,1.0947330657332335e-06
-0.8999999999999999,-0.6999999999999997,2.2603294069810703e-06
-0.8999999999999999,-0.6499999999999997,4.439361491865187e-06
-0.8999999999999999,-0.5999999999999996,8.293819160757414e-06
-0.8999999999999999,-0.5499999999999996,1.4739199215286588e-05
-0.8999999999999999,-0.4999999999999996,2.491600973150338e-05
-0.8999999999999999,-0.4499999999999996,4.006529739295128e-05
-0.8999999999999999,-0.39999999999999963,6.128349505322247e-05
-0.8999999999999999,-0.34999999999999964,8.916695916023554e-05
-0.8999999999999999,-0.29999999999999966,0.0001234098040866802
-0.8999999999999999,-0.24999999999999967,0.00016247279265951784
-0.8999999999999999,-0.19999999999999968,0.0002034683690106449
-0.8999999999999999,-0.1499999999999997,0.00024238092478421808
-0.8999999999999999,-0.09999999999999969,0.000274653569972143
-0.8999999999999999,-0.049999999999999684,0.0002960447300568564
-0.8999999999999999,3.191891195797325e-16,0.0003035391380788673
-0.8999999999999999,0.05000000000000032,0.00029604473005685587
-0.8999999999999999,0.10000000000000032,0.000274653569972143
-0.8999999999999999,0.15000000000000033,0.00024238092478421722
-0.8999999999999999,0.20000000000000034,0.00020346836901064417
-0.8999999999999999,0.25000000000000033,0.00016247279265951725
-0.8999999999999999,0.3000000000000003,0.00012340980408667956
-0.8999999999999999,0.3500000000000003,8.916695916023506e-05
-0.8999999999999999,0.4000000000000003,6.128349505322202e-05
-0.8999999999999999,0.4500000000000003,4.0065297392950994e-05
-0.8999999999999999,0.5000000000000003,2.4916009731503204e-05
-0.8999999999999999,0.5500000000000004,1.4739199215286458e-05
-0.8999999999999999,0.6000000000000004,8.293819160757342e-06
-0.8999999999999999,0.6500000000000005,4.439361491865147e-06
-0.8999999999999999,0.7000000000000005,2.260329406981046e-06
-0.8999999999999999,0.7500000000000006,1.0947330657332219e-06
-0.8999999999999999,0.8000000000000006,5.043476625678845e-07
-0.8999999999999999,0.8500000000000006,2.21022794105151e-07
-0.8999999999999999,0.9000000000000007,9.213600834566037e-08
-0.8999999999999999,0.9500000000000007,3.6534822137210065e-08
-0.8499999999999999,-1.0,3.305807413103671e-08
-0.8499999999999999,-0.95,8.764248219443668e-08
-0.8499999999999999,-0.8999999999999999,2.2102279410515374e-07
-0.8499999999999999,-0.8499999999999999,5.30206120182431e-07
-0.8499999999999999,-0.7999999999999998,1.2098671473041697e-06
-0.8499999999999999,-0.7499999999999998,2.6261281048763174e-06
-0.8499999999999999,-0.6999999999999997,5.4222483706341815e-06
-0.8499999999999999,-0.6499999999999997,1.0649474603824334e-05
-0.8499999999999999,-0.5999999999999996,1.9895837877371927e-05
-0.8499999999999999,-0.5499999999999996,3.535750085041017e-05
-0.8499999999999999,-0.4999999999999996,5.977040016914714e-05
-0.8499999999999999,-0.4499999999999996,9.611165206139521e-05
-0.8499999999999999,-0.39999999999999963,0.00014701146221113024
-0.8499999999999999,-0.34999999999999964,0.00021390041536766262
-0.8499999999999999,-0.29999999999999966,0.00029604473005685695
-0.8499999999999999,-0.24999999999999967,0.00038975196825275583
-0.8499999999999999,-0.19999999999999968,0.0004880952435234163
-0.8499999999999999,-0.1499999999999997,0.0005814416121937576
-0.8499999999999999,-0.09999999999999969,0.000658859663406038
-0.8499999999999999,-0.049999999999999684,0.000710174388842551
-0.8499999999999999,3.191891195797325e-16,0.0007281525390894623
-0.8499999999999999,0.05000000000000032,0.0007101743888425503
-0.8499999999999999,0.10000000000000032,0.0006588596634060363
-0.8499999999999999,0.15000000000000033,0.0005814416121937567
-0.8499999999999999,0.20000000000000034,0.00048809524352341543
-0.8499999999999999,0.25000000000000033,0.00038975196825275513
-0.8499999999999999,0.3000000000000003,0.0002960447300568554
-0.8499999999999999,0.3500000000000003,0.00021390041536766149
-0.8499999999999999,0.4000000000000003,0.00014701146221112946
-0.8499999999999999,0.4500000000000003,9.61116520613947e-05
-0.8499999999999999,0.5000000000000003,5.977040016914672e-05
-0.8499999999999999,0.5500000000000004,3.535750085040986e-05
-0.8499999999999999,0.6000000000000004,1.989583787737175e-05
-0.8499999999999999,0.6500000000000005,1.06494746038242e-05
-0.8499999999999999,0.7000000000000005,5.422248370634124e-06
-0.8499999999999999,0.7500000000000006,2.6261281048762895e-06
-0.8499999999999999,0.8000000000000006,1.2098671473041526e-06
-0.8499999999999999,0.8500000000000006,5.302061201824244e-07
-0.8499999999999999,0.9000000000000007,2.21022794105151e-07
-0.8499999999999999,0.9500000000000007,8.764248219443543e-08
-0.7999999999999998,-1.0,7.543458349844286e-08
-0.7999999999999998,-0.95,1.9998969434520124e-07
-0.7999999999999998,-0.8999999999999999,5.043476625678908e-07
-0.7999999999999998,-0.8499999999999999,1.2098671473041697e-06
-0.7999999999999998,-0.7999999999999998,2.7607725720372186e-06
-0.7999999999999998,-0.7499999999999998,5.992511209807982e-06
-0.7999999999999998,-0.6999999999999997,1.2372924261788331e-05
-0.7999999999999998,-0.6499999999999997,2.4300831259329634e-05
-0.7999999999999998,-0.5999999999999996,4.539992976248517e-05
-0.7999999999999998,-0.5499999999999996,8.06816011006657e-05
-0.7999999999999998,-0.4999999999999996,0.00013638892648201262
-0.7999999999999998,-0.4499999999999996,0.00021931533016292048
-0.7999999999999998,-0.39999999999999963,0.0003354626279025139
-0.7999999999999998,-0.34999999999999964,0.00048809524352341803
-0.7999999999999998,-0.29999999999999966,0.0006755387751938485
-0.7999999999999998,-0.24999999999999967,0.0008893675196052035
-0.7999999999999998,-0.19999999999999968,0.0011137751478448093
-0.7999999999999998,-0.1499999999999997,0.0013267804310269987
-0.7999999999999998,-0.09999999999999969,0.001503439192977579
-0.7999999999999998,-0.049999999999999684,0.0016205332779293123
-0.7999999999999998,3.191891195797325e-16,0.0016615572731739398
-0.7999999999999998,0.05000000000000032,0.001620533277929311
-0.7999999999999998,0.10000000000000032,0.0015034391929775778
-0.7999999999999998,0.15000000000000033,0.001326780431026995
-0.7999999999999998,0.20000000000000034,0.0011137751478448052
-0.7999999999999998,0.25000000000000033,0.0008893675196051995
-0.7999999999999998,0.3000000000000003,0.0006755387751938456
-0.7999999999999998,0.3500000000000003,0.00048809524352341543
-0.7999999999999998,0.4000000000000003,0.0003354626279025121
-0.7999999999999998,0.4500000000000003,0.0002193153301629193
-0.7999999999999998,0.5000000000000003,0.0001363889264820114
-0.7999999999999998,0.5500000000000004,8.068160110066498e-05
-0.7999999999999998,0.6000000000000004,4.539992976248477e-05
-0.7999999999999998,0.6500000000000005,2.430083125932942e-05
-0.7999999999999998,0.7000000000000005,1.23729242617882e-05
-0.7999999999999998,0.7500000000000006,5.992511209807897e-06
-0.7999999999999998,0.8000000000000006,2.7607725720371842e-06
-0.7999999999999998,0.8500000000000006,1.2098671473041526e-06
-0.7999999999999998,0.9000000000000007,5.043476625678827e-07
-0.7999999999999998,0.9500000000000007,1.999896943451984e-07
-0.7499999999999998,-1.0,1.6373771305908213e-07
-0.7499999999999998,-0.95,4.34096056063517e-07
-0.7499999999999998,-0.8999999999999999,1.0947330657332335e-06
-0.7499999999999998,-0.8499999999999999,2.6261281048763174e-06
-0.7499999999999998,-0.7999999999999998,5.992511209807982e-06
-0.7499999999999998,-0.7499999999999998,1.3007297654067714e-05
-0.7499999999999998,-0.6999999999999997,2.685657199287472e-05
-0.7499999999999998,-0.6499999999999997,5.274719301551432e-05
-0.7499999999999998,-0.5999999999999996,9.854473011713178e-05
-0.7499999999999998,-0.5499999999999996,0.00017512684815766
-0.7499999999999998,-0.4999999999999996,0.00029604473005685744
-0.7499999999999998,-0.4499999999999996,0.0004760441290222727
-0.7499999999999998,-0.39999999999999963,0.0007281525390894656
-0.7499999999999998,-0.34999999999999964,0.0010594556929076166
-0.7499999999999998,-0.29999999999999966,0.0014663191470429121
-0.7499999999999998,-0.24999999999999967,0.0019304541362277178
-0.7499999999999998,-0.19999999999999968,0.002417551567364514
-0.7499999999999998,-0.1499999999999997,0.002879899158088256
-0.7499999999999998,-0.09999999999999969,0.0032633532759761626
-0.7499999999999998,-0.049999999999999684,0.003517516774912144
-0.7499999999999998,3.191891195797325e-16,0.0036065631360157435
-0.7499999999999998,0.05000000000000032,0.003517516774912141
-0.7499999999999998,0.10000000000000032,0.003263353275976154
-0.7499999999999998,0.15000000000000033,0.002879899158088251
-0.7499999999999998,0.20000000000000034,0.0024175515673645095
-0.7499999999999998,0.25000000000000033,0.0019304541362277143
-0.7499999999999998,0.3000000000000003,0.0014663191470429056
-0.7499999999999998,0.3500000000000003,0.0010594556929076119
-0.7499999999999998,0.4000000000000003,0.0007281525390894617
-0.7499999999999998,0.4500000000000003,0.00047604412902227015
-0.7499999999999998,0.5000000000000003,0.0002960447300568554
-0.7499999999999998,0.5500000000000004,0.00017512684815765842
-0.7499999999999998,0.6000000000000004,9.854473011713091e-05
-0.7499999999999998,0.6500000000000005,5.274719301551366e-05
-0.7499999999999998,0.7000000000000005,2.6856571992874433e-05
-0.7499999999999998,0.7500000000000006,1.3007297654067575e-05
-0.7499999999999998,0.8000000000000006,5.992511209807897e-06
-0.7499999999999998,0.8500000000000006,2.626128104876285e-06
-0.7499999999999998,0.9000000000000007,1.09473306573322e-06
-0.7499999999999998,0.9500000000000007,4.3409605606351004e-07
-0.6999999999999997,-1.0,3.3807434839047547e-07
-0.6999999999999997,-0.95,8.962916273271387e-07
-0.6999999999999997,-0.8999999999999999,2.2603294069810703e-06
-0.6999999999999997,-0.8499999999999999,5.4222483706341815e-06
-0.6999999999999997,-0.7999999999999998,1.2372924261788331e-05
-0.6999999999999997,-0.7499999999999998,2.685657199287472e-05
-0.6999999999999997,-0.6999999999999997,5.545159943217743e-05
-0.6999999999999997,-0.6499999999999997,0.00010890876985506741
-0.6999999999999997,-0.5999999999999996,0.00020346836901064598
-0.6999999999999997,-0.5499999999999996,0.00036158984983022935
-0.6999999999999997,-0.4999999999999996,0.0006112527611295777
-0.6999999999999997,-0.4499999999999996,0.0009829031181487465
-0.6999999999999997,-0.39999999999999963,0.0015034391929775845
-0.6999999999999997,-0.34999999999999964,0.0021874911181828985
-0.6999999999999997,-0.29999999999999966,0.003027554745375834
-0.6999999999999997,-0.24999999999999967,0.003985868692128315
-0.6999999999999997,-0.19999999999999968,0.004991593906910244
-0.6999999999999997,-0.1499999999999997,0.005946217356472126
-0.6999999999999997,-0.09999999999999969,0.006737946999085497
-0.6999999999999997,-0.049999999999999684,0.0072627262798149236
-0.6999999999999997,3.191891195797325e-16,0.007446583070924371
-0.6999999999999997,0.05000000000000032,0.007262726279814917
-0.6999999999999997,0.10000000000000032,0.006737946999085491
-0.6999999999999997,0.15000000000000033,0.00594621735647211
-0.6999999999999997,0.20000000000000034,0.004991593906910235
-0.6999999999999997,0.25000000000000033,0.003985868692128301
-0.6999999999999997,0.3000000000000003,0.0030275547453758205
-0.6999999999999997,0.3500000000000003,0.002187491118182889
-0.6999999999999997,0.4000000000000003,0.0015034391929775739
-0.6999999999999997,0.4500000000000003,0.0009829031181487395
-0.6999999999999997,0.5000000000000003,0.0006112527611295728
-0.6999999999999997,0.5500000000000004,0.00036158984983022615
-0.6999999999999997,0.6000000000000004,0.00020346836901064417
-0.6999999999999997,0.6500000000000005,0.00010890876985506625
-0.6999999999999997,0.7000000000000005,5.5451599432176843e-05
-0.6999999999999997,0.7500000000000006,2.6856571992874433e-05
-0.6999999999999997,0.8000000000000006,1.2372924261788177e-05
-0.6999999999999997,0.8500000000000006,5.4222483706341146e-06
-0.6999999999999997,0.9000000000000007,2.2603294069810343e-06
-0.6999999999999997,0.9500000000000007,8.962916273271259e-07
-0.6499999999999997,-1.0,6.639891685684118e-07
-0.6499999999999997,-0.95,1.7603463121561787e-06
-0.6499999999999997,-0.8999999999999999,4.439361491865187e-06
-0.6499999999999997,-0.8499999999999999,1.0649474603824334e-05
-0.6499999999999997,-0.7999999999999998,2.4300831259329634e-05
-0.6499999999999997,-0.7499999999999998,5.274719301551432e-05
-0.6499999999999997,-0.6999999999999997,0.00010890876985506741
-0.6499999999999997,-0.6499999999999997,0.000213900415367663
-0.6499999999999997,-0.5999999999999996,0.00039961858630371
-0.6499999999999997,-0.5499999999999996,0.0007101743888425548
-0.6499999999999997,-0.4999999999999996,0.0012005205795111106
-0.6499999999999997,-0.4499999999999996,0.0019304541362277247
-0.6499999999999997,-0.39999999999999963,0.0029528041523734674
-0.6499999999999997,-0.34999999999999964,0.00429630469075237
-0.6499999999999997,-0.29999999999999966,0.0059462173564721315
-0.6499999999999997,-0.24999999999999967,0.007828377549225815
-0.6499999999999997,-0.19999999999999968,0.00980365503582188
-0.6499999999999997,-0.1499999999999997,0.011678566970395505
-0.6499999999999997,-0.09999999999999969,0.013233550096541
-0.6499999999999997,-0.049999999999999684,0.014264233908999318
-0.6499999999999997,3.191891195797325e-16,0.014625334709594272
-0.6499999999999997,0.05000000000000032,0.014264233908999306
-0.6499999999999997,0.10000000000000032,0.013233550096540975
-0.6499999999999997,0.15000000000000033,0.011678566970395484
-0.6499999999999997,0.20000000000000034,0.009803655035821854
-0.6499999999999997,0.25000000000000033,0.007828377549225794
-0.6499999999999997,0.3000000000000003,0.00594621735647211
-0.6499999999999997,0.3500000000000003,0.004296304690752351
-0.6499999999999997,0.4000000000000003,0.0029528041523734544
-0.6499999999999997,0.4500000000000003,0.0019304541362277128
-0.6499999999999997,0.5000000000000003,0.001200520579511102
-0.6499999999999997,0.5500000000000004,0.0007101743888425485
-0.6499999999999997,0.6000000000000004,0.00039961858630370645
-0.6499999999999997,0.6500000000000005,0.0002139004153676611
-0.6499999999999997,0.7000000000000005,0.00010890876985506625
-0.6499999999999997,0.7500000000000006,5.274719301551357e-05
-0.6499999999999997,0.8000000000000006,2.4300831259329333e-05
-0.6499999999999997,0.8500000000000006,1.0649474603824181e-05
-0.6499999999999997,0.9000000000000007,4.4393614918651234e-06
-0.6499999999999997,0.9500000000000007,1.7603463121561505e-06
-0.5999999999999996,-1.0,1.2404950799567179e-06
-0.5999999999999996,-0.95,3.288759881366502e-06
-0.5999999999999996,-0.8999999999999999,8.293819160757414e-06
-0.5999999999999996,-0.8499999999999999,1.9895837877371927e-05
-0.5999999999999996,-0.7999999999999998,4.539992976248517e-05
-0.5999999999999996,-0.7499999999999998,9.854473011713178e-05
-0.5999999999999996,-0.6999999999999997,0.00020346836901064598
-0.5999999999999996,-0.6499999999999997,0.00039961858630371
-0.5999999999999996,-0.5999999999999996,0.0007465858083766858
-0.5999999999999996,-0.5499999999999996,0.0013267804310270021
-0.5999999999999996,-0.4999999999999996,0.002242867719485821
-0.5999999999999996,-0.4499999999999996,0.0036065631360157595
-0.5999999999999996,-0.39999999999999963,0.005516564420760811
-0.5999999999999996,-0.34999999999999964,0.00802655387039521
-0.5999999999999996,-0.29999999999999966,0.011108996538242375
-0.5999999999999996,-0.24999999999999967,0.014625334709594299
-0.5999999999999996,-0.19999999999999968,0.01831563888873428
-0.5999999999999996,-0.1499999999999997,0.02181843553104288
-0.5999999999999996,-0.09999999999999969,0.024723526470339506
-0.5999999999999996,-0.049999999999999684,0.026649097336355617
-0.5999999999999996,3.191891195797325e-16,0.02732372244729268
-0.5999999999999996,0.05000000000000032,0.026649097336355582
-0.5999999999999996,0.10000000000000032,0.024723526470339475
-0.5999999999999996,0.15000000000000033,0.021818435531042842
-0.5999999999999996,0.20000000000000034,0.01831563888873423
-0.5999999999999996,0.25000000000000033,0.01462533470959426
-0.5999999999999996,0.3000000000000003,0.011108996538242336
-0.5999999999999996,0.3500000000000003,0.008026553870395175
-0.5999999999999996,0.4000000000000003,0.005516564420760786
-0.5999999999999996,0.4500000000000003,0.003606563136015737
-0.5999999999999996,0.5000000000000003,0.002242867719485805
-0.5999999999999996,0.5500000000000004,0.0013267804310269902
-0.5999999999999996,0.6000000000000004,0.0007465858083766792
-0.5999999999999996,0.6500000000000005,0.00039961858630370575
-0.5999999999999996,0.7000000000000005,0.00020346836901064382
-0.5999999999999996,0.7500000000000006,9.854473011713038e-05
-0.5999999999999996,0.8000000000000006,4.539992976248461e-05
-0.5999999999999996,0.8500000000000006,1.9895837877371646e-05
-0.5999999999999996,0.9000000000000007,8.293819160757298e-06
-0.5999999999999996,0.9500000000000007,3.288759881366449e-06
-0.5499999999999996,-1.0,2.2045216750777566e-06
-0.5499999999999996,-0.95,5.844555580866598e-06
-0.5499999999999996,-0.8999999999999999,1.4739199215286588e-05
-0.5499999999999996,-0.8499999999999999,3.535750085041017e-05
-0.5499999999999996,-0.7999999999999998,8.06816011006657e-05
-0.5499999999999996,-0.7499999999999998,0.00017512684815766
-0.5499999999999996,-0.6999999999999997,0.00036158984983022935
-0.5499999999999996,-0.6499999999999997,0.0007101743888425548
-0.5499999999999996,-0.5999999999999996,0.0013267804310270021
-0.5499999999999996,-0.5499999999999996,0.0023578620064902537
-0.5499999999999996,-0.4999999999999996,0.0039858686921283295
-0.5499999999999996,-0.4499999999999996,0.006409333446256434
-0.5499999999999996,-0.39999999999999963,0.009803655035821906
-0.5499999999999996,-0.34999999999999964,0.01426423390899937
-0.5499999999999996,-0.29999999999999966,0.019742136871492913
-0.5499999999999996,-0.24999999999999967,0.025991128778755507
-0.5499999999999996,-0.19999999999999968,0.03254928098910362
-0.5499999999999996,-0.1499999999999997,0.03877420783172223
-0.5499999999999996,-0.09999999999999969,0.04393693362340765
-0.5499999999999996,-0.049999999999999684,0.04735892439114116
-0.5499999999999996,3.191891195797325e-16,0.04855782127001019
-0.5499999999999996,0.05000000000000032,0.047358924391141116
-0.5499999999999996,0.10000000000000032,0.043936933623407594
-0.5499999999999996,0.15000000000000033,0.03877420783172216
-0.5499999999999996,0.20000000000000034,0.032549280989103535
-0.5499999999999996,0.25000000000000033,0.025991128778755427
-0.5499999999999996,0.3000000000000003,0.019742136871492833
-0.5499999999999996,0.3500000000000003,0.014264233908999294
-0.5499999999999996,0.4000000000000003,0.009803655035821854
-0.5499999999999996,0.4500000000000003,0.0064093334462564005
-0.5499999999999996,0.5000000000000003,0.003985868692128297
-0.5499999999999996,0.5500000000000004,0.002357862006490233
-0.5499999999999996,0.6000000000000004,0.0013267804310269902
-0.5499999999999996,0.6500000000000005,0.0007101743888425485
-0.5499999999999996,0.7000000000000005,0.0003615898498302255
-0.5499999999999996,0.7500000000000006,0.0001751268481576578
-0.5499999999999996,0.8000000000000006,8.06816011006647e-05
-0.5499999999999996,0.8500000000000006,3.535750085040973e-05
-0.5499999999999996,0.9000000000000007,1.4739199215286378e-05
-0.5499999999999996,0.9500000000000007,5.844555580866515e-06
-0.4999999999999996,-1.0,3.726653172078691e-06
-0.4999999999999996,-0.95,9.879980696519344e-06
-0.4999999999999996,-0.8999999999999999,2.491600973150338e-05
-0.4999999999999996,-0.8499999999999999,5.977040016914714e-05
-0.4999999999999996,-0.7999999999999998,0.00013638892648201262
-0.4999999999999996,-0.7499999999999998,0.00029604473005685744
-0.4999999999999996,-0.6999999999999997,0.0006112527611295777
-0.4999999999999996,-0.6499999999999997,0.0012005205795111106
-0.4999999999999996,-0.5999999999999996,0.002242867719485821
-0.4999999999999996,-0.5499999999999996,0.0039858686921283295
-0.4999999999999996,-0.4999999999999996,0.006737946999085521
-0.4999999999999996,-0.4499999999999996,0.010834714436436238
-0.4999999999999996,-0.39999999999999963,0.016572675401761373
-0.4999999999999996,-0.34999999999999964,0.024113100426817014
-0.4999999999999996,-0.29999999999999966,0.033373269960326274
-0.4999999999999996,-0.24999999999999967,0.04393693362340767
-0.4999999999999996,-0.19999999999999968,0.05502322005640753
-0.4999999999999996,-0.1499999999999997,0.06554620271802465
-0.4999999999999996,-0.09999999999999969,0.07427357821433421
-0.4999999999999996,-0.049999999999999684,0.0800583127867209
-0.4999999999999996,3.191891195797325e-16,0.08208499862389912
-0.4999999999999996,0.05000000000000032,0.08005831278672083
-0.4999999999999996,0.10000000000000032,0.07427357821433414
-0.4999999999999996,0.15000000000000033,0.06554620271802455
-0.4999999999999996,0.20000000000000034,0.05502322005640738
-0.4999999999999996,0.25000000000000033,0.04393693362340752
-0.4999999999999996,0.3000000000000003,0.033373269960326156
-0.4999999999999996,0.3500000000000003,0.024113100426816907
-0.4999999999999996,0.4000000000000003,0.01657267540176127
-0.4999999999999996,0.4500000000000003,0.01083471443643617
-0.4999999999999996,0.5000000000000003,0.006737946999085473
-0.4999999999999996,0.5500000000000004,0.003985868692128294
-0.4999999999999996,0.6000000000000004,0.002242867719485801
-0.4999999999999996,0.6500000000000005,0.0012005205795110989
-0.4999999999999996,0.7000000000000005,0.0006112527611295707
-0.4999999999999996,0.7500000000000006,0.0002960447300568543
-0.4999999999999996,0.8000000000000006,0.00013638892648201067
-0.4999999999999996,0.8500000000000006,5.97704001691464e-05
-0.4999999999999996,0.9000000000000007,2.4916009731502984e-05
-0.4999999999999996,0.9500000000000007,9.879980696519203e-06
-0.4499999999999996,-1.0,5.99251120980795e-06
-0.4499999999999996,-0.95,1.5887149230888574e-05
-0.4499999999999996,-0.8999999999999999,4.006529739295128e-05
-0.4499999999999996,-0.8499999999999999,9.611165206139521e-05
-0.4499999999999996,-0.7999999999999998,0.00021931533016292048
-0.4499999999999996,-0.7499999999999998,0.0004760441290222727
-0.4499999999999996,-0.6999999999999997,0.0009829031181487465
-0.4499999999999996,-0.6499999999999997,0.0019304541362277247
-0.4499999999999996,-0.5999999999999996,0.0036065631360157595
-0.4499999999999996,-0.5499999999999996,0.006409333446256434
-0.4499999999999996,-0.4999999999999996,0.010834714436436238
-0.4499999999999996,-0.4499999999999996,0.01742237463949364
-0.4499999999999996,-0.39999999999999963,0.02664909733635565
-0.4499999999999996,-0.34999999999999964,0.03877420783172225
-0.4499999999999996,-0.29999999999999966,0.05366469191273044
-0.4499999999999996,-0.24999999999999967,0.07065121306042997
-0.4499999999999996,-0.19999999999999968,0.08847811904208774
-0.4499999999999996,-0.1499999999999997,0.1053992245618648
-0.4499999999999996,-0.09999999999999969,0.11943296826672015
-0.4499999999999996,-0.049999999999999684,0.1287349035878047
-0.4499999999999996,3.191891195797325e-16,0.1319938431878307
-0.4499999999999996,0.05000000000000032,0.12873490358780465
-0.4499999999999996,0.10000000000000032,0.11943296826672
-0.4499999999999996,0.15000000000000033,0.10539922456186462
-0.4499999999999996,0.20000000000000034,0.08847811904208748
-0.4499999999999996,0.25000000000000033,0.07065121306042975
-0.4499999999999996,0.3000000000000003,0.053664691912730204
-0.4499999999999996,0.3500000000000003,0.03877420783172208
-0.4499999999999996,0.4000000000000003,0.02664909733635551
-0.4499999999999996,0.4500000000000003,0.01742237463949353
-0.4499999999999996,0.5000000000000003,0.010834714436436162
-0.4499999999999996,0.5500000000000004,0.006409333446256377
-0.4499999999999996,0.6000000000000004,0.0036065631360157275
-0.4499999999999996,0.6500000000000005,0.0019304541362277058
-0.4499999999999996,0.7000000000000005,0.0009829031181487352
-0.4499999999999996,0.7500000000000006,0.0004760441290222668
-0.4499999999999996,0.8000000000000006,0.00021931533016291774
-0.4499999999999996,0.8500000000000006,9.611165206139402e-05
-0.4499999999999996,0.9000000000000007,4.0065297392950784e-05
-0.4499999999999996,0.9500000000000007,1.5887149230888347e-05
-0.39999999999999963,-1.0,9.166087736247651e-06
-0.39999999999999963,-0.95,2.4300831259329594e-05
-0.39999999999999963,-0.8999999999999999,6.128349505322247e-05
-0.39999999999999963,-0.8499999999999999,0.00014701146221113024
-0.39999999999999963,-0.7999999999999998,0.0003354626279025139
-0.39999999999999963,-0.7499999999999998,0.0007281525390894656
-0.39999999999999963,-0.6999999999999997,0.0015034391929775845
-0.39999999999999963,-0.6499999999999997,0.0029528041523734674
-0.39999999999999963,-0.5999999999999996,0.005516564420760811
-0.39999999999999963,-0.5499999999999996,0.009803655035821906
-0.39999999999999963,-0.4999999999999996,0.016572675401761373
-0.39999999999999963,-0.4499999999999996,0.02664909733635565
-0.39999999999999963,-0.39999999999999963,0.04076220397836646
-0.39999999999999963,-0.34999999999999964,0.059308656829439095
-0.39999999999999963,-0.29999999999999966,0.08208499862389923
-0.39999999999999963,-0.24999999999999967,0.1080674186348298
-0.39999999999999963,-0.19999999999999968,0.13533528323661329
-0.39999999999999963,-0.1499999999999997,0.1612176441297774
-0.39999999999999963,-0.09999999999999969,0.18268352405273536
-0.39999999999999963,-0.049999999999999684,0.1969116752041947
-0.39999999999999963,3.191891195797325e-16,0.20189651799465602
-0.39999999999999963,0.05000000000000032,0.19691167520419461
-0.39999999999999963,0.10000000000000032,0.1826835240527351
-0.39999999999999963,0.15000000000000033,0.1612176441297771
-0.39999999999999963,0.20000000000000034,0.1353352832366129
-0.39999999999999963,0.25000000000000033,0.10806741863482945
-0.39999999999999963,0.3000000000000003,0.08208499862389891
-0.39999999999999963,0.3500000000000003,0.059308656829438804
-0.39999999999999963,0.4000000000000003,0.040762203978366246
-0.39999999999999963,0.4500000000000003,0.02664909733635551
-0.39999999999999963,0.5000000000000003,0.016572675401761255
-0.39999999999999963,0.5500000000000004,0.009803655035821819
-0.39999999999999963,0.6000000000000004,0.005516564420760762
-0.39999999999999963,0.6500000000000005,0.0029528041523734414
-0.39999999999999963,0.7000000000000005,0.0015034391929775672
-0.39999999999999963,0.7500000000000006,0.0007281525390894565
-0.39999999999999963,0.8000000000000006,0.00033546262790250947
-0.39999999999999963,0.8500000000000006,0.00014701146221112816
-0.39999999999999963,0.9000000000000007,6.128349505322148e-05
-0.39999999999999963,0.9500000000000007,2.4300831259329204e-05
-0.34999999999999964,-1.0,1.3336578961877491e-05
-0.34999999999999964,-0.95,3.535750085041011e-05
-0.34999999999999964,-0.8999999999999999,8.916695916023554e-05
-0.34999999999999964,-0.8499999999999999,0.00021390041536766262
-0.34999999999999964,-0.7999999999999998,0.00048809524352341803
-0.34999999999999964,-0.7499999999999998,0.0010594556929076166
-0.34999999999999964,-0.6999999999999997,0.0021874911181828985
-0.34999999999999964,-0.6499999999999997,0.00429630469075237
-0.34999999999999964,-0.5999999999999996,0.00802655387039521
-0.34999999999999964,-0.5499999999999996,0.01426423390899937
-0.34999999999999964,-0.4999999999999996,0.024113100426817014
-0.34999999999999964,-0.4499999999999996,0.03877420783172225
-0.34999999999999964,-0.39999999999999963,0.059308656829439095
-0.34999999999999964,-0.34999999999999964,0.08629358649937095
-0.34999999999999964,-0.29999999999999966,0.1194329682667202
-0.34999999999999964,-0.24999999999999967,0.1572371663136283
-0.34999999999999964,-0.19999999999999968,0.19691167520419484
-0.34999999999999964,-0.1499999999999997,0.23457028809379848
-0.34999999999999964,-0.09999999999999969,0.2658029590889275
-0.34999999999999964,-0.049999999999999684,0.2865047968601909
-0.34999999999999964,3.191891195797325e-16,0.29375770032353354
-0.34999999999999964,0.05000000000000032,0.28650479686019076
-0.34999999999999964,0.10000000000000032,0.26580295908892715
-0.34999999999999964,0.15000000000000033,0.23457028809379804
-0.34999999999999964,0.20000000000000034,0.19691167520419428
-0.34999999999999964,0.25000000000000033,0.15723716631362777
-0.34999999999999964,0.3000000000000003,0.11943296826671973
-0.34999999999999964,0.3500000000000003,0.08629358649937054
-0.34999999999999964,0.4000000000000003,0.05930865682943875
-0.34999999999999964,0.4500000000000003,0.03877420783172201
-0.34999999999999964,0.5000000000000003,0.024113100426816855
-0.34999999999999964,0.5500000000000004,0.014264233908999243
-0.34999999999999964,0.6000000000000004,0.008026553870395138
-0.34999999999999964,0.6500000000000005,0.004296304690752324
-0.34999999999999964,0.7000000000000005,0.0021874911181828756
-0.34999999999999964,0.7500000000000006,0.0010594556929076034
-0.34999999999999964,0.8000000000000006,0.00048809524352341153
-0.34999999999999964,0.8500000000000006,0.0002139004153676596
-0.34999999999999964,0.9000000000000007,8.916695916023428e-05
-0.34999999999999964,0.9500000000000007,3.535750085040954e-05
-0.29999999999999966,-1.0,1.8458233995780592e-05
-0.29999999999999966,-0.95,4.8935864742258036e-05
-0.29999999999999966,-0.8999999999999999,0.0001234098040866802
-0.29999999999999966,-0.8499999999999999,0.00029604473005685695
-0.29999999999999966,-0.7999999999999998,0.0006755387751938485
-0.29999999999999966,-0.7499999999999998,0.0014663191470429121
-0.29999999999999966,-0.6999999999999997,0.003027554745375834
-0.29999999999999966,-0.6499999999999997,0.0059462173564721315
-0.29999999999999966,-0.5999999999999996,0.011108996538242375
-0.29999999999999966,-0.5499999999999996,0.019742136871492913
-0.29999999999999966,-0.4999999999999996,0.033373269960326274
-0.29999999999999966,-0.4499999999999996,0.05366469191273044
-0.29999999999999966,-0.39999999999999963,0.08208499862389923
-0.29999999999999966,-0.34999999999999964,0.1194329682667202
-0.29999999999999966,-0.29999999999999966,0.16529888822158725
-0.29999999999999966,-0.24999999999999967,0.21762105686523367
-0.29999999999999966,-0.19999999999999968,0.2725317930340135
-0.29999999999999966,-0.1499999999999997,0.32465246735835074
-0.29999999999999966,-0.09999999999999969,0.36787944117144333
-0.29999999999999966,-0.049999999999999684,0.39653141907499384
-0.29999999999999966,3.191891195797325e-16,0.4065696597406
-0.29999999999999966,0.05000000000000032,0.3965314190749936
-0.29999999999999966,0.10000000000000032,0.3678794411714429
-0.29999999999999966,0.15000000000000033,0.32465246735835007
-0.29999999999999966,0.20000000000000034,0.2725317930340128
-0.29999999999999966,0.25000000000000033,0.21762105686523295
-0.29999999999999966,0.3000000000000003,0.16529888822158656
-0.29999999999999966,0.3500000000000003,0.11943296826671962
-0.29999999999999966,0.4000000000000003,0.08208499862389876
-0.29999999999999966,0.4500000000000003,0.05366469191273011
-0.29999999999999966,0.5000000000000003,0.03337326996032604
-0.29999999999999966,0.5500000000000004,0.01974213687149274
-0.29999999999999966,0.6000000000000004,0.011108996538242277
-0.29999999999999966,0.6500000000000005,0.005946217356472073
-0.29999999999999966,0.7000000000000005,0.0030275547453757993
-0.29999999999999966,0.7500000000000006,0.0014663191470428952
-0.29999999999999966,0.8000000000000006,0.0006755387751938395
-0.29999999999999966,0.8500000000000006,0.0002960447300568527
-0.29999999999999966,0.9000000000000007,0.00012340980408667845
-0.29999999999999966,0.9500000000000007,4.893586474225734e-05
-0.24999999999999967,-1.0,2.430083125932955e-05
-0.24999999999999967,-0.95,6.442556703435553e-05
-0.24999999999999967,-0.8999999999999999,0.00016247279265951784
-0.24999999999999967,-0.8499999999999999,0.00038975196825275583
-0.24999999999999967,-0.7999999999999998,0.0008893675196052035
-0.24999999999999967,-0.7499999999999998,0.0019304541362277178
-0.24999999999999967,-0.6999999999999997,0.003985868692128315
-0.24999999999999967,-0.6499999999999997,0.007828377549225815
-0.24999999999999967,-0.5999999999999996,0.014625334709594299
-0.24999999999999967,-0.5499999999999996,0.025991128778755507
-0.24999999999999967,-0.4999999999999996,0.04393693362340767
-0.24999999999999967,-0.4499999999999996,0.07065121306042997
-0.24999999999999967,-0.39999999999999963,0.1080674186348298
-0.24999999999999967,-0.34999999999999964,0.1572371663136283
-0.24999999999999967,-0.29999999999999966,0.21762105686523367
-0.24999999999999967,-0.24999999999999967,0.28650479686019104
-0.24999999999999967,-0.19999999999999968,0.35879646540595267
-0.24999999999999967,-0.1499999999999997,0.42741493194872776
-0.24999999999999967,-0.09999999999999969,0.48432456895536363
-0.24999999999999967,-0.049999999999999684,0.522045776761017
-0.24999999999999967,3.191891195797325e-16,0.5352614285189912
-0.24999999999999967,0.05000000000000032,0.5220457767610168
-0.24999999999999967,0.10000000000000032,0.48432456895536297
-0.24999999999999967,0.15000000000000033,0.427414931948727
-0.24999999999999967,0.20000000000000034,0.3587964654059517
-0.24999999999999967,0.25000000000000033,0.2865047968601901
-0.24999999999999967,0.3000000000000003,0.21762105686523284
-0.24999999999999967,0.3500000000000003,0.15723716631362752
-0.24999999999999967,0.4000000000000003,0.10806741863482922
-0.24999999999999967,0.4500000000000003,0.0706512130604295
-0.24999999999999967,0.5000000000000003,0.04393693362340736
-0.24999999999999967,0.5500000000000004,0.025991128778755278
-0.24999999999999967,0.6000000000000004,0.01462533470959417
-0.24999999999999967,0.6500000000000005,0.007828377549225739
-0.24999999999999967,0.7000000000000005,0.003985868692128272
-0.24999999999999967,0.7500000000000006,0.0019304541362276972
-0.24999999999999967,0.8000000000000006,0.0008893675196051916
-0.24999999999999967,0.8500000000000006,0.00038975196825275063
-0.24999999999999967,0.9000000000000007,0.0001624727926595155
-0.24999999999999967,0.9500000000000007,6.442556703435473e-05
-0.19999999999999968,-1.0,3.0432483008403733e-05
-0.19999999999999968,-0.95,8.068160110066513e-05
-0.19999999999999968,-0.8999999999999999,0.0002034683690106449
-0.19999999999999968,-0.8499999999999999,0.0004880952435234163
-0.19999999999999968,-0.7999999999999998,0.0011137751478448093
-0.19999999999999968,-0.7499999999999998,0.002417551567364514
-0.19999999999999968,-0.6999999999999997,0.004991593906910244
-0.19999999999999968,-0.6499999999999997,0.00980365503582188
-0.19999999999999968,-0.5999999999999996,0.01831563888873428
-0.19999999999999968,-0.5499999999999996,0.03254928098910362
-0.19999999999999968,-0.4999999999999996,0.05502322005640753
-0.19999999999999968,-0.4499999999999996,0.08847811904208774
-0.19999999999999968,-0.39999999999999963,0.13533528323661329
-0.19999999999999968,-0.34999999999999964,0.19691167520419484
-0.19999999999999968,-0.29999999999999966,0.2725317930340135
-0.19999999999999968,-0.24999999999999967,0.35879646540595267
-0.19999999999999968,-0.19999999999999968,0.4493289641172228
-0.19999999999999968,-0.1499999999999997,0.5352614285189914
-0.19999999999999968,-0.09999999999999969,0.6065306597126346
-0.19999999999999968,-0.049999999999999684,0.6537697851298484
-0.19999999999999968,3.191891195797325e-16,0.6703200460356402
-0.19999999999999968,0.05000000000000032,0.653769785129848
-0.19999999999999968,0.10000000000000032,0.6065306597126339
-0.19999999999999968,0.15000000000000033,0.5352614285189904
-0.19999999999999968,0.20000000000000034,0.4493289641172215
-0.19999999999999968,0.25000000000000033,0.35879646540595145
-0.19999999999999968,0.3000000000000003,0.2725317930340125
-0.19999999999999968,0.3500000000000003,0.19691167520419386
-0.19999999999999968,0.4000000000000003,0.13533528323661256
-0.19999999999999968,0.4500000000000003,0.0884781190420872
-0.19999999999999968,0.5000000000000003,0.055023220056407134
-0.19999999999999968,0.5500000000000004,0.032549280989103334
-0.19999999999999968,0.6000000000000004,0.018315638888734116
-0.19999999999999968,0.6500000000000005,0.009803655035821784
-0.19999999999999968,0.7000000000000005,0.00499159390691019
-0.19999999999999968,0.7500000000000006,0.0024175515673644883
-0.19999999999999968,0.8000000000000006,0.0011137751478447944
-0.19999999999999968,0.8500000000000006,0.0004880952435234098
-0.19999999999999968,0.9000000000000007,0.000203468369010642
-0.19999999999999968,0.9500000000000007,8.068160110066413e-05
-0.1499999999999997,-1.0,3.625258024588072e-05
-0.1499999999999997,-0.95,9.611165206139487e-05
-0.1499999999999997,-0.8999999999999999,0.00024238092478421808
-0.1499999999999997,-0.8499999999999999,0.0005814416121937576
-0.1499999999999997,-0.7999999999999998,0.0013267804310269987
-0.1499999999999997,-0.7499999999999998,0.002879899158088256
-0.1499999999999997,-0.6999999999999997,0.005946217356472126
-0.1499999999999997,-0.6499999999999997,0.011678566970395505
-0.1499999999999997,-0.5999999999999996,0.02181843553104288
-0.1499999999999997,-0.5499999999999996,0.03877420783172223
-0.1499999999999997,-0.4999999999999996,0.06554620271802465
-0.1499999999999997,-0.4499999999999996,0.1053992245618648
-0.1499999999999997,-0.39999999999999963,0.1612176441297774
-0.1499999999999997,-0.34999999999999964,0.23457028809379848
-0.1499999999999997,-0.29999999999999966,0.32465246735835074
-0.1499999999999997,-0.24999999999999967,0.42741493194872776
-0.1499999999999997,-0.19999999999999968,0.5352614285189914
-0.1499999999999997,-0.1499999999999997,0.6376281516217746
-0.1499999999999997,-0.09999999999999969,0.7225273536420733
-0.1499999999999997,-0.049999999999999684,0.7788007830714059
-0.1499999999999997,3.191891195797325e-16,0.7985162187593778
-0.1499999999999997,0.05000000000000032,0.7788007830714053
-0.1499999999999997,0.10000000000000032,0.7225273536420724
-0.1499999999999997,0.15000000000000033,0.6376281516217733
-0.1499999999999997,0.20000000000000034,0.5352614285189901
-0.1499999999999997,0.25000000000000033,0.4274149319487264
-0.1499999999999997,0.3000000000000003,0.32465246735834946
-0.1499999999999997,0.3500000000000003,0.23457028809379735
-0.1499999999999997,0.4000000000000003,0.16121764412977652
-0.1499999999999997,0.4500000000000003,0.10539922456186415
-0.1499999999999997,0.5000000000000003,0.06554620271802418
-0.1499999999999997,0.5500000000000004,0.03877420783172189
-0.1499999999999997,0.6000000000000004,0.021818435531042686
-0.1499999999999997,0.6500000000000005,0.011678566970395392
-0.1499999999999997,0.7000000000000005,0.005946217356472058
-0.1499999999999997,0.7500000000000006,0.0028798991580882226
-0.1499999999999997,0.8000000000000006,0.0013267804310269809
-0.1499999999999997,0.8500000000000006,0.0005814416121937499
-0.1499999999999997,0.9000000000000007,0.00024238092478421464
-0.1499999999999997,0.9500000000000007,9.61116520613935e-05
-0.09999999999999969,-1.0,4.1079555225300724e-05
-0.09999999999999969,-0.95,0.00010890876985506664
-0.09999999999999969,-0.8999999999999999,0.000274653569972143
-0.09999999999999969,-0.8499999999999999,0.000658859663406038
-0.09999999999999969,-0.7999999999999998,0.001503439192977579
-0.09999999999999969,-0.7499999999999998,0.0032633532759761626
-0.09999999999999969,-0.6999999999999997,0.006737946999085497
-0.09999999999999969,-0.6499999999999997,0.013233550096541
-0.09999999999999969,-0.5999999999999996,0.024723526470339506
-0.09999999999999969,-0.5499999999999996,0.04393693362340765
-0.09999999999999969,-0.4999999999999996,0.07427357821433421
-0.09999999999999969,-0.4499999999999996,0.11943296826672015
-0.09999999999999969,-0.39999999999999963,0.18268352405273536
-0.09999999999999969,-0.34999999999999964,0.2658029590889275
-0.09999999999999969,-0.29999999999999966,0.36787944117144333
-0.09999999999999969,-0.24999999999999967,0.48432456895536363
-0.09999999999999969,-0.19999999999999968,0.6065306597126346
-0.09999999999999969,-0.1499999999999997,0.7225273536420733
-0.09999999999999969,-0.09999999999999969,0.8187307530779829
-0.09999999999999969,-0.049999999999999684,0.8824969025845962
-0.09999999999999969,3.191891195797325e-16,0.9048374180359602
-0.09999999999999969,0.05000000000000032,0.8824969025845957
-0.09999999999999969,0.10000000000000032,0.8187307530779818
-0.09999999999999969,0.15000000000000033,0.722527353642072
-0.09999999999999969,0.20000000000000034,0.606530659712633
-0.09999999999999969,0.25000000000000033,0.484324568955362
-0.09999999999999969,0.3000000000000003,0.36787944117144183
-0.09999999999999969,0.3500000000000003,0.26580295908892626
-0.09999999999999969,0.4000000000000003,0.18268352405273433
-0.09999999999999969,0.4500000000000003,0.11943296826671941
-0.09999999999999969,0.5000000000000003,0.07427357821433368
-0.09999999999999969,0.5500000000000004,0.04393693362340726
-0.09999999999999969,0.6000000000000004,0.024723526470339287
-0.09999999999999969,0.6500000000000005,0.013233550096540859
-0.09999999999999969,0.7000000000000005,0.006737946999085425
-0.09999999999999969,0.7500000000000006,0.003263353275976122
-0.09999999999999969,0.8000000000000006,0.0015034391929775591
-0.09999999999999969,0.8500000000000006,0.0006588596634060293
-0.09999999999999969,0.9000000000000007,0.0002746535699721391
-0.09999999999999969,0.9500000000000007,0.0001089087698550651
-0.049999999999999684,-1.0,4.4279001502741644e-05
-0.049999999999999684,-0.95,0.00011739103691911818
-0.049999999999999684,-0.8999999999999999,0.0002960447300568564
-0.049999999999999684,-0.8499999999999999,0.000710174388842551
-0.049999999999999684,-0.7999999999999998,0.0016205332779293123
-0.049999999999999684,-0.7499999999999998,0.003517516774912144
-0.049999999999999684,-0.6999999999999997,0.0072627262798149236
-0.049999999999999684,-0.6499999999999997,0.014264233908999318
-0.049999999999999684,-0.5999999999999996,0.026649097336355617
-0.049999999999999684,-0.5499999999999996,0.04735892439114116
-0.049999999999999684,-0.4999999999999996,0.0800583127867209
-0.049999999999999684,-0.4499999999999996,0.1287349035878047
-0.049999999999999684,-0.39999999999999963,0.1969116752041947
-0.049999999999999684,-0.34999999999999964,0.2865047968601909
-0.049999999999999684,-0.29999999999999966,0.39653141907499384
-0.049999999999999684,-0.24999999999999967,0.522045776761017
-0.049999999999999684,-0.19999999999999968,0.6537697851298484
-0.049999999999999684,-0.1499999999999997,0.7788007830714059
-0.049999999999999684,-0.09999999999999969,0.8824969025845962
-0.049999999999999684,-0.049999999999999684,0.9512294245007146
-0.049999999999999684,3.191891195797325e-16,0.975309912028333
-0.049999999999999684,0.05000000000000032,0.951229424500714
-0.049999999999999684,0.10000000000000032,0.8824969025845951
-0.049999999999999684,0.15000000000000033,0.7788007830714043
-0.049999999999999684,0.20000000000000034,0.6537697851298466
-0.049999999999999684,0.25000000000000033,0.5220457767610154
-0.049999999999999684,0.3000000000000003,0.39653141907499223
-0.049999999999999684,0.3500000000000003,0.2865047968601896
-0.049999999999999684,0.4000000000000003,0.19691167520419361
-0.049999999999999684,0.4500000000000003,0.12873490358780396
-0.049999999999999684,0.5000000000000003,0.08005831278672033
-0.049999999999999684,0.5500000000000004,0.04735892439114074
-0.049999999999999684,0.6000000000000004,0.02664909733635538
-0.049999999999999684,0.6500000000000005,0.01426423390899918
-0.049999999999999684,0.7000000000000005,0.007262726279814846
-0.049999999999999684,0.7500000000000006,0.0035175167749121002
-0.049999999999999684,0.8000000000000006,0.0016205332779292909
-0.049999999999999684,0.8500000000000006,0.0007101743888425415
-0.049999999999999684,0.9000000000000007,0.0002960447300568517
-0.049999999999999684,0.9500000000000007,0.00011739103691911651
3.191891195797325e-16,-1.0,4.5399929762484854e-05
3.191891195797325e-16,-0.95,0.00012036280516721338
3.191891195797325e-16,-0.8999999999999999,0.0003035391380788673
3.191891195797325e-16,-0.8499999999999999,0.0007281525390894623
3.191891195797325e-16,-0.7999999999999998,0.0016615572731739398
3.191891195797325e-16,-0.7499999999999998,0.0036065631360157435
3.191891195797325e-16,-0.6999999999999997,0.007446583070924371
3.191891195797325e-16,-0.6499999999999997,0.014625334709594272
3.191891195797325e-16,-0.5999999999999996,0.02732372244729268
3.191891195797325e-16,-0.5499999999999996,0.04855782127001019
3.191891195797325e-16,-0.4999999999999996,0.08208499862389912
3.191891195797325e-16,-0.4499999999999996,0.1319938431878307
3.191891195797325e-16,-0.39999999999999963,0.20189651799465602
3.191891195797325e-16,-0.34999999999999964,0.29375770032353354
3.191891195797325e-16,-0.29999999999999966,0.4065696597406
3.191891195797325e-16,-0.24999999999999967,0.5352614285189912
3.191891195797325e-16,-0.19999999999999968,0.6703200460356402
3.191891195797325e-16,-0.1499999999999997,0.7985162187593778
3.191891195797325e-16,-0.09999999999999969,0.9048374180359602
3.191891195797325e-16,-0.049999999999999684,0.975309912028333
3.191891195797325e-16,3.191891195797325e-16,1.0
3.191891195797325e-16,0.05000000000000032,0.9753099120283324
3.191891195797325e-16,0.10000000000000032,0.904837418035959
3.191891195797325e-16,0.15000000000000033,0.7985162187593763
3.191891195797325e-16,0.20000000000000034,0.6703200460356384
3.191891195797325e-16,0.25000000000000033,0.5352614285189894
3.191891195797325e-16,0.3000000000000003,0.40656965974059833
3.191891195797325e-16,0.3500000000000003,0.2937577003235322
3.191891195797325e-16,0.4000000000000003,0.20189651799465488
3.191891195797325e-16,0.4500000000000003,0.13199384318782986
3.191891195797325e-16,0.5000000000000003,0.08208499862389854
3.191891195797325e-16,0.5500000000000004,0.04855782127000975
3.191891195797325e-16,0.6000000000000004,0.027323722447292437
3.191891195797325e-16,0.6500000000000005,0.01462533470959413
3.191891195797325e-16,0.7000000000000005,0.007446583070924291
3.191891195797325e-16,0.7500000000000006,0.0036065631360156984
3.191891195797325e-16,0.8000000000000006,0.0016615572731739177
3.191891195797325e-16,0.8500000000000006,0.0007281525390894527
3.191891195797325e-16,0.9000000000000007,0.000303539138078863
3.191891195797325e-16,0.9500000000000007,0.00012036280516721166
0.05000000000000032,-1.0,4.4279001502741644e-05
0.05000000000000032,-0.95,0.00011739103691911818
0.05000000000000032,-0.8999999999999999,0.00029604473005685587
0.05000000000000032,-0.8499999999999999,0.0007101743888425503
0.05000000000000032,-0.7999999999999998,0.001620533277929311
0.05000000000000032,-0.7499999999999998,0.003517516774912141
0.05000000000000032,-0.6999999999999997,0.007262726279814917
0.05000000000000032,-0.6499999999999997,0.014264233908999306
0.05000000000000032,-0.5999999999999996,0.026649097336355582
0.05000000000000032,-0.5499999999999996,0.047358924391141116
0.05000000000000032,-0.4999999999999996,0.08005831278672083
0.05000000000000032,-0.4499999999999996,0.12873490358780465
0.05000000000000032,-0.39999999999999963,0.19691167520419461
0.05000000000000032,-0.34999999999999964,0.28650479686019076
0.05000000000000032,-0.29999999999999966,0.3965314190749936
0.05000000000000032,-0.24999999999999967,0.5220457767610168
0.05000000000000032,-0.19999999999999968,0.653769785129848
0.05000000000000032,-0.1499999999999997,0.7788007830714053
0.05000000000000032,-0.09999999999999969,0.8824969025845957
0.05000000000000032,-0.049999999999999684,0.951229424500714
0.05000000000000032,3.191891195797325e-16,0.9753099120283324
0.05000000000000032,0.05000000000000032,0.9512294245007133
0.05000000000000032,0.10000000000000032,0.8824969025845946
0.05000000000000032,0.15000000000000033,0.7788007830714039
0.05000000000000032,0.20000000000000034,0.6537697851298462
0.05000000000000032,0.25000000000000033,0.522045776761015
0.05000000000000032,0.3000000000000003,0.396531419074992
0.05000000000000032,0.3500000000000003,0.2865047968601894
0.05000000000000032,0.4000000000000003,0.19691167520419353
0.05000000000000032,0.4500000000000003,0.12873490358780385
0.05000000000000032,0.5000000000000003,0.08005831278672022
0.05000000000000032,0.5500000000000004,0.0473589243911407
0.05000000000000032,0.6000000000000004,0.026649097336355343
0.05000000000000032,0.6500000000000005,0.014264233908999167
0.05000000000000032,0.7000000000000005,0.007262726279814833
0.05000000000000032,0.7500000000000006,0.003517516774912097
0.05000000000000032,0.8000000000000006,0.0016205332779292893
0.05000000000000032,0.8500000000000006,0.0007101743888425409
0.05000000000000032,0.9000000000000007,0.0002960447300568517
0.05000000000000032,0.9500000000000007,0.0001173910369191163
0.10000000000000032,-1.0,4.1079555225300724e-05
0.10000000000000032,-0.95,0.00010890876985506645
0.10000000000000032,-0.8999999999999999,0.000274653569972143
0.10000000000000032,-0.8499999999999999,0.0006588596634060363
0.10000000000000032,-0.7999999999999998,0.0015034391929775778
0.10000000000000032,-0.7499999999999998,0.003263353275976154
0.10000000000000032,-0.6999999999999997,0.006737946999085491
0.10000000000000032,-0.6499999999999997,0.013233550096540975
0.10000000000000032,-0.5999999999999996,0.024723526470339475
0.10000000000000032,-0.5499999999999996,0.043936933623407594
0.10000000000000032,-0.4999999999999996,0.07427357821433414
0.10000000000000032,-0.4499999999999996,0.11943296826672
0.10000000000000032,-0.39999999999999963,0.1826835240527351
0.10000000000000032,-0.34999999999999964,0.26580295908892715
0.10000000000000032,-0.29999999999999966,0.3678794411714429
0.10000000000000032,-0.24999999999999967,0.48432456895536297
0.10000000000000032,-0.19999999999999968,0.6065306597126339
0.10000000000000032,-0.1499999999999997,0.7225273536420724
0.10000000000000032,-0.09999999999999969,0.8187307530779818
0.10000000000000032,-0.049999999999999684,0.8824969025845951
0.10000000000000032,3.191891195797325e-16,0.904837418035959
0.10000000000000032,0.05000000000000032,0.8824969025845946
0.10000000000000032,0.10000000000000032,0.8187307530779808
0.10000000000000032,0.15000000000000033,0.722527353642071
0.10000000000000032,0.20000000000000034,0.6065306597126322
0.10000000000000032,0.25000000000000033,0.48432456895536136
0.10000000000000032,0.3000000000000003,0.36787944117144145
0.10000000000000032,0.3500000000000003,0.2658029590889258
0.10000000000000032,0.4000000000000003,0.18268352405273408
0.10000000000000032,0.4500000000000003,0.11943296826671924
0.10000000000000032,0.5000000000000003,0.07427357821433361
0.10000000000000032,0.5500000000000004,0.043936933623407205
0.10000000000000032,0.6000000000000004,0.024723526470339256
0.10000000000000032,0.6500000000000005,0.013233550096540847
0.10000000000000032,0.7000000000000005,0.006737946999085419
0.10000000000000032,0.7500000000000006,0.003263353275976119
0.10000000000000032,0.8000000000000006,0.0015034391929775578
0.10000000000000032,0.8500000000000006,0.0006588596634060275
0.10000000000000032,0.9000000000000007,0.00027465356997213863
0.10000000000000032,0.9500000000000007,0.0001089087698550649
0.15000000000000033,-1.0,3.625258024588065e-05
0.15000000000000033,-0.95,9.61116520613947e-05
0.15000000000000033,-0.8999999999999999,0.00024238092478421722
0.15000000000000033,-0.8499999999999999,0.0005814416121937567
0.15000000000000033,-0.7999999999999998,0.001326780431026995
0.15000000000000033,-0.7499999999999998,0.002879899158088251
0.15000000000000033,-0.6999999999999997,0.00594621735647211
0.15000000000000033,-0.6499999999999997,0.011678566970395484
0.15000000000000033,-0.5999999999999996,0.021818435531042842
0.15000000000000033,-0.5499999999999996,0.03877420783172216
0.15000000000000033,-0.4999999999999996,0.06554620271802455
0.15000000000000033,-0.4499999999999996,0.10539922456186462
0.15000000000000033,-0.39999999999999963,0.1612176441297771
0.15000000000000033,-0.34999999999999964,0.23457028809379804
0.15000000000000033,-0.29999999999999966,0.32465246735835007
0.15000000000000033,-0.24999999999999967,0.427414931948727
0.15000000000000033,-0.19999999999999968,0.5352614285189904
0.15000000000000033,-0.1499999999999997,0.6376281516217733
0.15000000000000033,-0.09999999999999969,0.722527353642072
0.15000000000000033,-0.049999999999999684,0.7788007830714043
0.15000000000000033,3.191891195797325e-16,0.7985162187593763
0.15000000000000033,0.05000000000000032,0.7788007830714039
0.15000000000000033,0.10000000000000032,0.722527353642071
0.15000000000000033,0.15000000000000033,0.637628151621772
0.15000000000000033,0.20000000000000034,0.535261428518989
0.15000000000000033,0.25000000000000033,0.42741493194872554
0.15000000000000033,0.3000000000000003,0.3246524673583488
0.15000000000000033,0.3500000000000003,0.23457028809379693
0.15000000000000033,0.4000000000000003,0.16121764412977618
0.15000000000000033,0.4500000000000003,0.10539922456186396
0.15000000000000033,0.5000000000000003,0.06554620271802407
0.15000000000000033,0.5500000000000004,0.03877420783172182
0.15000000000000033,0.6000000000000004,0.021818435531042648
0.15000000000000033,0.6500000000000005,0.011678566970395371
0.15000000000000033,0.7000000000000005,0.0059462173564720465
0.15000000000000033,0.7500000000000006,0.002879899158088215
0.15000000000000033,0.8000000000000006,0.0013267804310269774
0.15000000000000033,0.8500000000000006,0.0005814416121937489
0.15000000000000033,0.9000000000000007,0.00024238092478421377
0.15000000000000033,0.9500000000000007,9.611165206139333e-05
0.20000000000000034,-1.0,3.0432483008403625e-05
0.20000000000000034,-0.95,8.068160110066498e-05
0.20000000000000034,-0.8999999999999999,0.00020346836901064417
0.20000000000000034,-0.8499999999999999,0.00048809524352341543
0.20000000000000034,-0.7999999999999998,0.0011137751478448052
0.20000000000000034,-0.7499999999999998,0.0024175515673645095
0.20000000000000034,-0.6999999999999997,0.004991593906910235
0.20000000000000034,-0.6499999999999997,0.009803655035821854
0.20000000000000034,-0.5999999999999996,0.01831563888873423
0.20000000000000034,-0.5499999999999996,0.032549280989103535
0.20000000000000034,-0.4999999999999996,0.05502322005640738
0.20000000000000034,-0.4499999999999996,0.08847811904208748
0.20000000000000034,-0.39999999999999963,0.1353352832366129
0.20000000000000034,-0.34999999999999964,0.19691167520419428
0.20000000000000034,-0.29999999999999966,0.2725317930340128
0.20000000000000034,-0.24999999999999967,0.3587964654059517
0.20000000000000034,-0.19999999999999968,0.4493289641172215
0.20000000000000034,-0.1499999999999997,0.5352614285189901
0.20000000000000034,-0.09999999999999969,0.606530659712633
0.20000000000000034,-0.049999999999999684,0.6537697851298466
0.20000000000000034,3.191891195797325e-16,0.6703200460356384
0.20000000000000034,0.05000000000000032,0.6537697851298462
0.20000000000000034,0.10000000000000032,0.6065306597126322
0.20000000000000034,0.15000000000000033,0.535261428518989
0.20000000000000034,0.20000000000000034,0.4493289641172204
0.20000000000000034,0.25000000000000033,0.3587964654059505
0.20000000000000034,0.3000000000000003,0.2725317930340117
0.20000000000000034,0.3500000000000003,0.19691167520419334
0.20000000000000034,0.4000000000000003,0.13533528323661215
0.20000000000000034,0.4500000000000003,0.08847811904208697
0.20000000000000034,0.5000000000000003,0.05502322005640697
0.20000000000000034,0.5500000000000004,0.032549280989103244
0.20000000000000034,0.6000000000000004,0.018315638888734068
0.20000000000000034,0.6500000000000005,0.009803655035821758
0.20000000000000034,0.7000000000000005,0.004991593906910177
0.20000000000000034,0.7500000000000006,0.0024175515673644796
0.20000000000000034,0.8000000000000006,0.0011137751478447905
0.20000000000000034,0.8500000000000006,0.0004880952435234089
0.20000000000000034,0.9000000000000007,0.0002034683690106413
0.20000000000000034,0.9500000000000007,8.068160110066383e-05
0.25000000000000033,-1.0,2.430083125932942e-05
0.25000000000000033,-0.95,6.442556703435542e-05
0.25000000000000033,-0.8999999999999999,0.00016247279265951725
0.25000000000000033,-0.8499999999999999,0.00038975196825275513
0.25000000000000033,-0.7999999999999998,0.0008893675196051995
0.25000000000000033,-0.7499999999999998,0.0019304541362277143
0.25000000000000033,-0.6999999999999997,0.003985868692128301
0.25000000000000033,-0.6499999999999997,0.007828377549225794
0.25000000000000033,-0.5999999999999996,0.01462533470959426
0.25000000000000033,-0.5499999999999996,0.025991128778755427
0.25000000000000033,-0.4999999999999996,0.04393693362340752
0.25000000000000033,-0.4499999999999996,0.07065121306042975
0.25000000000000033,-0.39999999999999963,0.10806741863482945
0.25000000000000033,-0.34999999999999964,0.15723716631362777
0.25000000000000033,-0.29999999999999966,0.21762105686523295
0.25000000000000033,-0.24999999999999967,0.2865047968601901
0.25000000000000033,-0.19999999999999968,0.35879646540595145
0.25000000000000033,-0.1499999999999997,0.4274149319487264
0.25000000000000033,-0.09999999999999969,0.484324568955362
0.25000000000000033,-0.049999999999999684,0.5220457767610154
0.25000000000000033,3.191891195797325e-16,0.5352614285189894
0.25000000000000033,0.05000000000000032,0.522045776761015
0.25000000000000033,0.10000000000000032,0.48432456895536136
0.25000000000000033,0.15000000000000033,0.42741493194872554
0.25000000000000033,0.20000000000000034,0.3587964654059505
0.25000000000000033,0.25000000000000033,0.28650479686018915
0.25000000000000033,0.3000000000000003,0.21762105686523212
0.25000000000000033,0.3500000000000003,0.157237166313627
0.25000000000000033,0.4000000000000003,0.10806741863482883
0.25000000000000033,0.4500000000000003,0.07065121306042928
0.25000000000000033,0.5000000000000003,0.043936933623407205
0.25000000000000033,0.5500000000000004,0.025991128778755195
0.25000000000000033,0.6000000000000004,0.01462533470959413
0.25000000000000033,0.6500000000000005,0.007828377549225711
0.25000000000000033,0.7000000000000005,0.003985868692128258
0.25000000000000033,0.7500000000000006,0.0019304541362276887
0.25000000000000033,0.8000000000000006,0.0008893675196051877
0.25000000000000033,0.8500000000000006,0.00038975196825275
0.25000000000000033,0.9000000000000007,0.00016247279265951494
0.25000000000000033,0.9500000000000007,6.442556703435439e-05
0.3000000000000003,-1.0,1.8458233995780524e-05
0.3000000000000003,-0.95,4.893586474225786e-05
0.3000000000000003,-0.8999999999999999,0.00012340980408667956
0.3000000000000003,-0.8499999999999999,0.0002960447300568554
0.3000000000000003,-0.7999999999999998,0.0006755387751938456
0.3000000000000003,-0.7499999999999998,0.0014663191470429056
0.3000000000000003,-0.6999999999999997,0.0030275547453758205
0.3000000000000003,-0.6499999999999997,0.00594621735647211
0.3000000000000003,-0.5999999999999996,0.011108996538242336
0.3000000000000003,-0.5499999999999996,0.019742136871492833
0.3000000000000003,-0.4999999999999996,0.033373269960326156
0.3000000000000003,-0.4499999999999996,0.053664691912730204
0.3000000000000003,-0.39999999999999963,0.08208499862389891
0.3000000000000003,-0.34999999999999964,0.11943296826671973
0.3000000000000003,-0.29999999999999966,0.16529888822158656
0.3000000000000003,-0.24999999999999967,0.21762105686523284
0.3000000000000003,-0.19999999999999968,0.2725317930340125
0.3000000000000003,-0.1499999999999997,0.32465246735834946
0.3000000000000003,-0.09999999999999969,0.36787944117144183
0.3000000000000003,-0.049999999999999684,0.39653141907499223
0.3000000000000003,3.191891195797325e-16,0.40656965974059833
0.3000000000000003,0.05000000000000032,0.396531419074992
0.3000000000000003,0.10000000000000032,0.36787944117144145
0.3000000000000003,0.15000000000000033,0.3246524673583488
0.3000000000000003,0.20000000000000034,0.2725317930340117
0.3000000000000003,0.25000000000000033,0.21762105686523212
0.3000000000000003,0.3000000000000003,0.1652988882215859
0.3000000000000003,0.3500000000000003,0.11943296826671915
0.3000000000000003,0.4000000000000003,0.08208499862389843
0.3000000000000003,0.4500000000000003,0.05366469191272989
0.3000000000000003,0.5000000000000003,0.033373269960325906
0.3000000000000003,0.5500000000000004,0.01974213687149266
0.3000000000000003,0.6000000000000004,0.011108996538242237
0.3000000000000003,0.6500000000000005,0.0059462173564720465
0.3000000000000003,0.7000000000000005,0.003027554745375786
0.3000000000000003,0.7500000000000006,0.0014663191470428887
0.3000000000000003,0.8000000000000006,0.0006755387751938366
0.3000000000000003,0.8500000000000006,0.0002960447300568517
0.3000000000000003,0.9000000000000007,0.0001234098040866778
0.3000000000000003,0.9500000000000007,4.893586474225716e-05
0.3500000000000003,-1.0,1.3336578961877444e-05
0.3500000000000003,-0.95,3.535750085040998e-05
0.3500000000000003,-0.8999999999999999,8.916695916023506e-05
0.3500000000000003,-0.8499999999999999,0.00021390041536766149
0.3500000000000003,-0.7999999999999998,0.00048809524352341543
0.3500000000000003,-0.7499999999999998,0.0010594556929076119
0.3500000000000003,-0.6999999999999997,0.002187491118182889
0.3500000000000003,-0.6499999999999997,0.004296304690752351
0.3500000000000003,-0.5999999999999996,0.008026553870395175
0.3500000000000003,-0.5499999999999996,0.014264233908999294
0.3500000000000003,-0.4999999999999996,0.024113100426816907
0.3500000000000003,-0.4499999999999996,0.03877420783172208
0.3500000000000003,-0.39999999999999963,0.059308656829438804
0.3500000000000003,-0.34999999999999964,0.08629358649937054
0.3500000000000003,-0.29999999999999966,0.11943296826671962
0.3500000000000003,-0.24999999999999967,0.15723716631362752
0.3500000000000003,-0.19999999999999968,0.19691167520419386
0.3500000000000003,-0.1499999999999997,0.23457028809379735
0.3500000000000003,-0.09999999999999969,0.26580295908892626
0.3500000000000003,-0.049999999999999684,0.2865047968601896
0.3500000000000003,3.191891195797325e-16,0.2937577003235322
0.3500000000000003,0.05000000000000032,0.2865047968601894
0.3500000000000003,0.10000000000000032,0.2658029590889258
0.3500000000000003,0.15000000000000033,0.23457028809379693
0.3500000000000003,0.20000000000000034,0.19691167520419334
0.3500000000000003,0.25000000000000033,0.157237166313627
0.3500000000000003,0.3000000000000003,0.11943296826671915
0.3500000000000003,0.3500000000000003,0.08629358649937015
0.3500000000000003,0.4000000000000003,0.05930865682943846
0.3500000000000003,0.4500000000000003,0.03877420783172182
0.3500000000000003,0.5000000000000003,0.024113100426816737
0.3500000000000003,0.5500000000000004,0.014264233908999167
0.3500000000000003,0.6000000000000004,0.008026553870395104
0.3500000000000003,0.6500000000000005,0.004296304690752305
0.3500000000000003,0.7000000000000005,0.0021874911181828656
0.3500000000000003,0.7500000000000006,0.0010594556929075978
0.3500000000000003,0.8000000000000006,0.0004880952435234089
0.3500000000000003,0.8500000000000006,0.00021390041536765883
0.3500000000000003,0.9000000000000007,8.916695916023395e-05
0.3500000000000003,0.9500000000000007,3.535750085040942e-05
0.4000000000000003,-1.0,9.166087736247602e-06
0.4000000000000003,-0.95,2.430083125932942e-05
0.4000000000000003,-0.8999999999999999,6.128349505322202e-05
0.4000000000000003,-0.8499999999999999,0.00014701146221112946
0.4000000000000003,-0.7999999999999998,0.0003354626279025121
0.4000000000000003,-0.7499999999999998,0.0007281525390894617
0.4000000000000003,-0.6999999999999997,0.0015034391929775739
0.4000000000000003,-0.6499999999999997,0.0029528041523734544
0.4000000000000003,-0.5999999999999996,0.005516564420760786
0.4000000000000003,-0.5499999999999996,0.009803655035821854
0.4000000000000003,-0.4999999999999996,0.01657267540176127
0.4000000000000003,-0.4499999999999996,0.02664909733635551
0.4000000000000003,-0.39999999999999963,0.040762203978366246
0.4000000000000003,-0.34999999999999964,0.05930865682943875
0.4000000000000003,-0.29999999999999966,0.08208499862389876
0.4000000000000003,-0.24999999999999967,0.10806741863482922
0.4000000000000003,-0.19999999999999968,0.13533528323661256
0.4000000000000003,-0.1499999999999997,0.16121764412977652
0.4000000000000003,-0.09999999999999969,0.18268352405273433
0.4000000000000003,-0.049999999999999684,0.19691167520419361
0.4000000000000003,3.191891195797325e-16,0.20189651799465488
0.4000000000000003,0.05000000000000032,0.19691167520419353
0.4000000000000003,0.10000000000000032,0.18268352405273408
0.4000000000000003,0.15000000000000033,0.16121764412977618
0.4000000000000003,0.20000000000000034,0.13533528323661215
0.4000000000000003,0.25000000000000033,0.10806741863482883
0.4000000000000003,0.3000000000000003,0.08208499862389843
0.4000000000000003,0.3500000000000003,0.05930865682943846
0.4000000000000003,0.4000000000000003,0.04076220397836601
0.4000000000000003,0.4500000000000003,0.026649097336355357
0.4000000000000003,0.5000000000000003,0.01657267540176115
0.4000000000000003,0.5500000000000004,0.009803655035821767
0.4000000000000003,0.6000000000000004,0.005516564420760737
0.4000000000000003,0.6500000000000005,0.00295280415237342
0.4000000000000003,0.7000000000000005,0.0015034391929775578
0.4000000000000003,0.7500000000000006,0.0007281525390894527
0.4000000000000003,0.8000000000000006,0.0003354626279025077
0.4000000000000003,0.8500000000000006,0.00014701146221112737
0.4000000000000003,0.9000000000000007,6.128349505322116e-05
0.4000000000000003,0.9500000000000007,2.430083125932903e-05
0.4500000000000003,-1.0,5.992511209807918e-06
0.4500000000000003,-0.95,1.588714923088849e-05
0.4500000000000003,-0.8999999999999999,4.0065297392950994e-05
0.4500000000000003,-0.8499999999999999,9.61116520613947e-05
0.4500000000000003,-0.7999999999999998,0.0002193153301629193
0.4500000000000003,-0.7499999999999998,0.00047604412902227015
0.4500000000000003,-0.6999999999999997,0.0009829031181487395
0.4500000000000003,-0.6499999999999997,0.0019304541362277128
0.4500000000000003,-0.5999999999999996,0.003606563136015737
0.4500000000000003,-0.5499999999999996,0.0064093334462564005
0.4500000000000003,-0.4999999999999996,0.01083471443643617
0.4500000000000003,-0.4499999999999996,0.01742237463949353
0.4500000000000003,-0.39999999999999963,0.02664909733635551
0.4500000000000003,-0.34999999999999964,0.03877420783172201
0.4500000000000003,-0.29999999999999966,0.05366469191273011
0.4500000000000003,-0.24999999999999967,0.0706512130604295
0.4500000000000003,-0.19999999999999968,0.0884781190420872
0.4500000000000003,-0.1499999999999997,0.10539922456186415
0.4500000000000003,-0.09999999999999969,0.11943296826671941
0.4500000000000003,-0.049999999999999684,0.12873490358780396
0.4500000000000003,3.191891195797325e-16,0.13199384318782986
0.4500000000000003,0.05000000000000032,0.12873490358780385
0.4500000000000003,0.10000000000000032,0.11943296826671924
0.4500000000000003,0.15000000000000033,0.10539922456186396
0.4500000000000003,0.20000000000000034,0.08847811904208697
0.4500000000000003,0.25000000000000033,0.07065121306042928
0.4500000000000003,0.3000000000000003,0.05366469191272989
0.4500000000000003,0.3500000000000003,0.03877420783172182
0.4500000000000003,0.4000000000000003,0.026649097336355357
0.4500000000000003,0.4500000000000003,0.01742237463949342
0.4500000000000003,0.5000000000000003,0.010834714436436094
0.4500000000000003,0.5500000000000004,0.006409333446256343
0.4500000000000003,0.6000000000000004,0.003606563136015705
0.4500000000000003,0.6500000000000005,0.0019304541362276922
0.4500000000000003,0.7000000000000005,0.0009829031181487291
0.4500000000000003,0.7500000000000006,0.00047604412902226424
0.4500000000000003,0.8000000000000006,0.00021931533016291657
0.4500000000000003,0.8500000000000006,9.61116520613935e-05
0.4500000000000003,0.9000000000000007,4.00652973929505e-05
0.4500000000000003,0.9500000000000007,1.5887149230888235e-05
0.5000000000000003,-1.0,3.726653172078658e-06
0.5000000000000003,-0.95,9.879980696519274e-06
0.5000000000000003,-0.8999999999999999,2.4916009731503204e-05
0.5000000000000003,-0.8499999999999999,5.977040016914672e-05
0.5000000000000003,-0.7999999999999998,0.0001363889264820114
0.5000000000000003,-0.7499999999999998,0.0002960447300568554
0.5000000000000003,-0.6999999999999997,0.0006112527611295728
0.5000000000000003,-0.6499999999999997,0.001200520579511102
0.5000000000000003,-0.5999999999999996,0.002242867719485805
0.5000000000000003,-0.5499999999999996,0.003985868692128297
0.5000000000000003,-0.4999999999999996,0.006737946999085473
0.5000000000000003,-0.4499999999999996,0.010834714436436162
0.5000000000000003,-0.39999999999999963,0.016572675401761255
0.5000000000000003,-0.34999999999999964,0.024113100426816855
0.5000000000000003,-0.29999999999999966,0.03337326996032604
0.5000000000000003,-0.24999999999999967,0.04393693362340736
0.5000000000000003,-0.19999999999999968,0.055023220056407134
0.5000000000000003,-0.1499999999999997,0.06554620271802418
0.5000000000000003,-0.09999999999999969,0.07427357821433368
0.5000000000000003,-0.049999999999999684,0.08005831278672033
0.5000000000000003,3.191891195797325e-16,0.08208499862389854
0.5000000000000003,0.05000000000000032,0.08005831278672022
0.5000000000000003,0.10000000000000032,0.07427357821433361
0.5000000000000003,0.15000000000000033,0.06554620271802407
0.5000000000000003,0.20000000000000034,0.05502322005640697
0.5000000000000003,0.25000000000000033,0.043936933623407205
0.5000000000000003,0.3000000000000003,0.033373269960325906
0.5000000000000003,0.3500000000000003,0.024113100426816737
0.5000000000000003,0.4000000000000003,0.01657267540176115
0.5000000000000003,0.4500000000000003,0.010834714436436094
0.5000000000000003,0.5000000000000003,0.006737946999085425
0.5000000000000003,0.5500000000000004,0.003985868692128262
0.5000000000000003,0.6000000000000004,0.002242867719485785
0.5000000000000003,0.6500000000000005,0.0012005205795110891
0.5000000000000003,0.7000000000000005,0.0006112527611295658
0.5000000000000003,0.7500000000000006,0.0002960447300568517
0.5000000000000003,0.8000000000000006,0.0001363889264820097
0.5000000000000003,0.8500000000000006,5.9770400169145974e-05
0.5000000000000003,0.9000000000000007,2.4916009731502808e-05
0.5000000000000003,0.9500000000000007,9.879980696519133e-06
0.5500000000000004,-1.0,2.2045216750777366e-06
0.5500000000000004,-0.95,5.844555580866545e-06
0.5500000000000004,-0.8999999999999999,1.4739199215286458e-05
0.5500000000000004,-0.8499999999999999,3.535750085040986e-05
0.5500000000000004,-0.7999999999999998,8.068160110066498e-05
0.5500000000000004,-0.7499999999999998,0.00017512684815765842
0.5500000000000004,-0.6999999999999997,0.00036158984983022615
0.5500000000000004,-0.6499999999999997,0.0007101743888425485
0.5500000000000004,-0.5999999999999996,0.0013267804310269902
0.5500000000000004,-0.5499999999999996,0.002357862006490233
0.5500000000000004,-0.4999999999999996,0.003985868692128294
0.5500000000000004,-0.4499999999999996,0.006409333446256377
0.5500000000000004,-0.39999999999999963,0.009803655035821819
0.5500000000000004,-0.34999999999999964,0.014264233908999243
0.5500000000000004,-0.29999999999999966,0.01974213687149274
0.5500000000000004,-0.24999999999999967,0.025991128778755278
0.5500000000000004,-0.19999999999999968,0.032549280989103334
0.5500000000000004,-0.1499999999999997,0.03877420783172189
0.5500000000000004,-0.09999999999999969,0.04393693362340726
0.5500000000000004,-0.049999999999999684,0.04735892439114074
0.5500000000000004,3.191891195797325e-16,0.04855782127000975
0.5500000000000004,0.05000000000000032,0.0473589243911407
0.5500000000000004,0.10000000000000032,0.043936933623407205
0.5500000000000004,0.15000000000000033,0.03877420783172182
0.5500000000000004,0.20000000000000034,0.032549280989103244
0.5500000000000004,0.25000000000000033,0.025991128778755195
0.5500000000000004,0.3000000000000003,0.01974213687149266
0.5500000000000004,0.3500000000000003,0.014264233908999167
0.5500000000000004,0.4000000000000003,0.009803655035821767
0.5500000000000004,0.4500000000000003,0.006409333446256343
0.5500000000000004,0.5000000000000003,0.003985868692128262
0.5500000000000004,0.5500000000000004,0.0023578620064902116
0.5500000000000004,0.6000000000000004,0.0013267804310269785
0.5500000000000004,0.6500000000000005,0.0007101743888425421
0.5500000000000004,0.7000000000000005,0.0003615898498302223
0.5500000000000004,0.7500000000000006,0.00017512684815765625
0.5500000000000004,0.8000000000000006,8.068160110066398e-05
0.5500000000000004,0.8500000000000006,3.535750085040942e-05
0.5500000000000004,0.9000000000000007,1.4739199215286248e-05
0.5500000000000004,0.9500000000000007,5.844555580866462e-06
0.6000000000000004,-1.0,1.2404950799567068e-06
0.6000000000000004,-0.95,3.288759881366473e-06
0.6000000000000004,-0.8999999999999999,8.293819160757342e-06
0.6000000000000004,-0.8499999999999999,1.989583787737175e-05
0.6000000000000004,-0.7999999999999998,4.539992976248477e-05
0.6000000000000004,-0.7499999999999998,9.854473011713091e-05
0.6000000000000004,-0.6999999999999997,0.00020346836901064417
0.6000000000000004,-0.6499999999999997,0.00039961858630370645
0.6000000000000004,-0.5999999999999996,0.0007465858083766792
0.6000000000000004,-0.5499999999999996,0.0013267804310269902
0.6000000000000004,-0.4999999999999996,0.002242867719485801
0.6000000000000004,-0.4499999999999996,0.0036065631360157275
0.6000000000000004,-0.39999999999999963,0.005516564420760762
0.6000000000000004,-0.34999999999999964,0.008026553870395138
0.6000000000000004,-0.29999999999999966,0.011108996538242277
0.6000000000000004,-0.24999999999999967,0.01462533470959417
0.6000000000000004,-0.19999999999999968,0.018315638888734116
0.6000000000000004,-0.1499999999999997,0.021818435531042686
0.6000000000000004,-0.09999999999999969,0.024723526470339287
0.6000000000000004,-0.049999999999999684,0.02664909733635538
0.6000000000000004,3.191891195797325e-16,0.027323722447292437
0.6000000000000004,0.05000000000000032,0.026649097336355343
0.6000000000000004,0.10000000000000032,0.024723526470339256
0.6000000000000004,0.15000000000000033,0.021818435531042648
0.6000000000000004,0.20000000000000034,0.018315638888734068
0.6000000000000004,0.25000000000000033,0.01462533470959413
0.6000000000000004,0.3000000000000003,0.011108996538242237
0.6000000000000004,0.3500000000000003,0.008026553870395104
0.6000000000000004,0.4000000000000003,0.005516564420760737
0.6000000000000004,0.4500000000000003,0.003606563136015705
0.6000000000000004,0.5000000000000003,0.002242867719485785
0.6000000000000004,0.5500000000000004,0.0013267804310269785
0.6000000000000004,0.6000000000000004,0.0007465858083766726
0.6000000000000004,0.6500000000000005,0.00039961858630370217
0.6000000000000004,0.7000000000000005,0.000203468369010642
0.6000000000000004,0.7500000000000006,9.85447301171295e-05
0.6000000000000004,0.8000000000000006,4.5399929762484204e-05
0.6000000000000004,0.8500000000000006,1.989583787737147e-05
0.6000000000000004,0.9000000000000007,8.293819160757223e-06
0.6000000000000004,0.9500000000000007,3.28875988136642e-06
0.6500000000000005,-1.0,6.639891685684059e-07
0.6500000000000005,-0.95,1.7603463121561598e-06
0.6500000000000005,-0.8999999999999999,4.439361491865147e-06
0.6500000000000005,-0.8499999999999999,1.06494746038242e-05
0.6500000000000005,-0.7999999999999998,2.430083125932942e-05
0.6500000000000005,-0.7499999999999998,5.274719301551366e-05
0.6500000000000005,-0.6999999999999997,0.00010890876985506625
0.6500000000000005,-0.6499999999999997,0.0002139004153676611
0.6500000000000005,-0.5999999999999996,0.00039961858630370575
0.6500000000000005,-0.5499999999999996,0.0007101743888425485
0.6500000000000005,-0.4999999999999996,0.0012005205795110989
0.6500000000000005,-0.4499999999999996,0.0019304541362277058
0.6500000000000005,-0.39999999999999963,0.0029528041523734414
0.6500000000000005,-0.34999999999999964,0.004296304690752324
0.6500000000000005,-0.29999999999999966,0.005946217356472073
0.6500000000000005,-0.24999999999999967,0.007828377549225739
0.6500000000000005,-0.19999999999999968,0.009803655035821784
0.6500000000000005,-0.1499999999999997,0.011678566970395392
0.6500000000000005,-0.09999999999999969,0.013233550096540859
0.6500000000000005,-0.049999999999999684,0.01426423390899918
0.6500000000000005,3.191891195797325e-16,0.01462533470959413
0.6500000000000005,0.05000000000000032,0.014264233908999167
0.6500000000000005,0.10000000000000032,0.013233550096540847
0.6500000000000005,0.15000000000000033,0.011678566970395371
0.6500000000000005,0.20000000000000034,0.009803655035821758
0.6500000000000005,0.25000000000000033,0.007828377549225711
0.6500000000000005,0.3000000000000003,0.0059462173564720465
0.6500000000000005,0.3500000000000003,0.004296304690752305
0.6500000000000005,0.4000000000000003,0.00295280415237342
0.6500000000000005,0.4500000000000003,0.0019304541362276922
0.6500000000000005,0.5000000000000003,0.0012005205795110891
0.6500000000000005,0.5500000000000004,0.0007101743888425421
0.6500000000000005,0.6000000000000004,0.00039961858630370217
0.6500000000000005,0.6500000000000005,0.00021390041536765883
0.6500000000000005,0.7000000000000005,0.0001089087698550651
0.6500000000000005,0.7500000000000006,5.27471930155131e-05
0.6500000000000005,0.8000000000000006,2.430083125932912e-05
0.6500000000000005,0.8500000000000006,1.0649474603824068e-05
0.6500000000000005,0.9000000000000007,4.439361491865077e-06
0.6500000000000005,0.9500000000000007,1.7603463121561348e-06
0.7000000000000005,-1.0,3.3807434839047187e-07
0.7000000000000005,-0.95,8.962916273271291e-07
0.7000000000000005,-0.8999999999999999,2.260329406981046e-06
0.7000000000000005,-0.8499999999999999,5.422248370634124e-06
0.7000000000000005,-0.7999999999999998,1.23729242617882e-05
0.7000000000000005,-0.7499999999999998,2.6856571992874433e-05
0.7000000000000005,-0.6999999999999997,5.5451599432176843e-05
0.7000000000000005,-0.6499999999999997,0.00010890876985506625
0.7000000000000005,-0.5999999999999996,0.00020346836901064382
0.7000000000000005,-0.5499999999999996,0.0003615898498302255
0.7000000000000005,-0.4999999999999996,0.0006112527611295707
0.7000000000000005,-0.4499999999999996,0.0009829031181487352
0.7000000000000005,-0.39999999999999963,0.0015034391929775672
0.7000000000000005,-0.34999999999999964,0.0021874911181828756
0.7000000000000005,-0.29999999999999966,0.0030275547453757993
0.7000000000000005,-0.24999999999999967,0.003985868692128272
0.7000000000000005,-0.19999999999999968,0.00499159390691019
0.7000000000000005,-0.1499999999999997,0.005946217356472058
0.7000000000000005,-0.09999999999999969,0.006737946999085425
0.7000000000000005,-0.049999999999999684,0.007262726279814846
0.7000000000000005,3.191891195797325e-16,0.007446583070924291
0.7000000000000005,0.05000000000000032,0.007262726279814833
0.7000000000000005,0.10000000000000032,0.006737946999085419
0.7000000000000005,0.15000000000000033,0.0059462173564720465
0.7000000000000005,0.20000000000000034,0.004991593906910177
0.7000000000000005,0.25000000000000033,0.003985868692128258
0.7000000000000005,0.3000000000000003,0.003027554745375786
0.7000000000000005,0.3500000000000003,0.0021874911181828656
0.7000000000000005,0.4000000000000003,0.0015034391929775578
0.7000000000000005,0.4500000000000003,0.0009829031181487291
0.7000000000000005,0.5000000000000003,0.0006112527611295658
0.7000000000000005,0.5500000000000004,0.0003615898498302223
0.7000000000000005,0.6000000000000004,0.000203468369010642
0.7000000000000005,0.6500000000000005,0.0001089087698550651
0.7000000000000005,0.7000000000000005,5.5451599432176254e-05
0.7000000000000005,0.7500000000000006,2.685657199287415e-05
0.7000000000000005,0.8000000000000006,1.2372924261788023e-05
0.7000000000000005,0.8500000000000006,5.422248370634056e-06
0.7000000000000005,0.9000000000000007,2.26032940698101e-06
0.7000000000000005,0.9500000000000007,8.962916273271164e-07
0.7500000000000006,-1.0,1.637377130590798e-07
0.7500000000000006,-0.95,4.340960560635116e-07
0.7500000000000006,-0.8999999999999999,1.0947330657332219e-06
0.7500000000000006,-0.8499999999999999,2.6261281048762895e-06
0.7500000000000006,-0.7999999999999998,5.992511209807897e-06
0.7500000000000006,-0.7499999999999998,1.3007297654067575e-05
0.7500000000000006,-0.6999999999999997,2.6856571992874433e-05
0.7500000000000006,-0.6499999999999997,5.274719301551357e-05
0.7500000000000006,-0.5999999999999996,9.854473011713038e-05
0.7500000000000006,-0.5499999999999996,0.0001751268481576578
0.7500000000000006,-0.4999999999999996,0.0002960447300568543
0.7500000000000006,-0.4499999999999996,0.0004760441290222668
0.7500000000000006,-0.39999999999999963,0.0007281525390894565
0.7500000000000006,-0.34999999999999964,0.0010594556929076034
0.7500000000000006,-0.29999999999999966,0.0014663191470428952
0.7500000000000006,-0.24999999999999967,0.0019304541362276972
0.7500000000000006,-0.19999999999999968,0.0024175515673644883
0.7500000000000006,-0.1499999999999997,0.0028798991580882226
0.7500000000000006,-0.09999999999999969,0.003263353275976122
0.7500000000000006,-0.049999999999999684,0.0035175167749121002
0.7500000000000006,3.191891195797325e-16,0.0036065631360156984
0.7500000000000006,0.05000000000000032,0.003517516774912097
0.7500000000000006,0.10000000000000032,0.003263353275976119
0.7500000000000006,0.15000000000000033,0.002879899158088215
0.7500000000000006,0.20000000000000034,0.0024175515673644796
0.7500000000000006,0.25000000000000033,0.0019304541362276887
0.7500000000000006,0.3000000000000003,0.0014663191470428887
0.7500000000000006,0.3500000000000003,0.0010594556929075978
0.7500000000000006,0.4000000000000003,0.0007281525390894527
0.7500000000000006,0.4500000000000003,0.00047604412902226424
0.7500000000000006,0.5000000000000003,0.0002960447300568517
0.7500000000000006,0.5500000000000004,0.00017512684815765625
0.7500000000000006,0.6000000000000004,9.85447301171295e-05
0.7500000000000006,0.6500000000000005,5.27471930155131e-05
0.7500000000000006,0.7000000000000005,2.685657199287415e-05
0.7500000000000006,0.7500000000000006,1.300729765406739e-05
0.7500000000000006,0.8000000000000006,5.992511209807822e-06
0.7500000000000006,0.8500000000000006,2.6261281048762522e-06
0.7500000000000006,0.9000000000000007,1.0947330657332043e-06
0.7500000000000006,0.9500000000000007,4.3409605606350544e-07
0.8000000000000006,-1.0,7.543458349844179e-08
0.8000000000000006,-0.95,1.9998969434519876e-07
0.8000000000000006,-0.8999999999999999,5.043476625678845e-07
0.8000000000000006,-0.8499999999999999,1.2098671473041526e-06
0.8000000000000006,-0.7999999999999998,2.7607725720371842e-06
0.8000000000000006,-0.7499999999999998,5.992511209807897e-06
0.8000000000000006,-0.6999999999999997,1.2372924261788177e-05
0.8000000000000006,-0.6499999999999997,2.4300831259329333e-05
0.8000000000000006,-0.5999999999999996,4.539992976248461e-05
0.8000000000000006,-0.5499999999999996,8.06816011006647e-05
0.8000000000000006,-0.4999999999999996,0.00013638892648201067
0.8000000000000006,-0.4499999999999996,0.00021931533016291774
0.8000000000000006,-0.39999999999999963,0.00033546262790250947
0.8000000000000006,-0.34999999999999964,0.00048809524352341153
0.8000000000000006,-0.29999999999999966,0.0006755387751938395
0.8000000000000006,-0.24999999999999967,0.0008893675196051916
0.8000000000000006,-0.19999999999999968,0.0011137751478447944
0.8000000000000006,-0.1499999999999997,0.0013267804310269809
0.8000000000000006,-0.09999999999999969,0.0015034391929775591
0.8000000000000006,-0.049999999999999684,0.0016205332779292909
0.8000000000000006,3.191891195797325e-16,0.0016615572731739177
0.8000000000000006,0.05000000000000032,0.0016205332779292893
0.8000000000000006,0.10000000000000032,0.0015034391929775578
0.8000000000000006,0.15000000000000033,0.0013267804310269774
0.8000000000000006,0.20000000000000034,0.0011137751478447905
0.8000000000000006,0.25000000000000033,0.0008893675196051877
0.8000000000000006,0.3000000000000003,0.0006755387751938366
0.8000000000000006,0.3500000000000003,0.0004880952435234089
0.8000000000000006,0.4000000000000003,0.0003354626279025077
0.8000000000000006,0.4500000000000003,0.00021931533016291657
0.8000000000000006,0.5000000000000003,0.0001363889264820097
0.8000000000000006,0.5500000000000004,8.068160110066398e-05
0.8000000000000006,0.6000000000000004,4.5399929762484204e-05
0.8000000000000006,0.6500000000000005,2.430083125932912e-05
0.8000000000000006,0.7000000000000005,1.2372924261788023e-05
0.8000000000000006,0.7500000000000006,5.992511209807822e-06
0.8000000000000006,0.8000000000000006,2.760772572037145e-06
0.8000000000000006,0.8500000000000006,1.2098671473041376e-06
0.8000000000000006,0.9000000000000007,5.043476625678764e-07
0.8000000000000006,0.9500000000000007,1.9998969434519555e-07
0.8500000000000006,-1.0,3.305807413103624e-08
0.8500000000000006,-0.95,8.764248219443543e-08
0.8500000000000006,-0.8999999999999999,2.21022794105151e-07
0.8500000000000006,-0.8499999999999999,5.302061201824244e-07
0.8500000000000006,-0.7999999999999998,1.2098671473041526e-06
0.8500000000000006,-0.7499999999999998,2.626128104876285e-06
0.8500000000000006,-0.6999999999999997,5.4222483706341146e-06
0.8500000000000006,-0.6499999999999997,1.0649474603824181e-05
0.8500000000000006,-0.5999999999999996,1.9895837877371646e-05
0.8500000000000006,-0.5499999999999996,3.535750085040973e-05
0.8500000000000006,-0.4999999999999996,5.97704001691464e-05
0.8500000000000006,-0.4499999999999996,9.611165206139402e-05
0.8500000000000006,-0.39999999999999963,0.00014701146221112816
0.8500000000000006,-0.34999999999999964,0.0002139004153676596
0.8500000000000006,-0.29999999999999966,0.0002960447300568527
0.8500000000000006,-0.24999999999999967,0.00038975196825275063
0.8500000000000006,-0.19999999999999968,0.0004880952435234098
0.8500000000000006,-0.1499999999999997,0.0005814416121937499
0.8500000000000006,-0.09999999999999969,0.0006588596634060293
0.8500000000000006,-0.049999999999999684,0.0007101743888425415
0.8500000000000006,3.191891195797325e-16,0.0007281525390894527
0.8500000000000006,0.05000000000000032,0.0007101743888425409
0.8500000000000006,0.10000000000000032,0.0006588596634060275
0.8500000000000006,0.15000000000000033,0.0005814416121937489
0.8500000000000006,0.20000000000000034,0.0004880952435234089
0.8500000000000006,0.25000000000000033,0.00038975196825275
0.8500000000000006,0.3000000000000003,0.0002960447300568517
0.8500000000000006,0.3500000000000003,0.00021390041536765883
0.8500000000000006,0.4000000000000003,0.00014701146221112737
0.8500000000000006,0.4500000000000003,9.61116520613935e-05
0.8500000000000006,0.5000000000000003,5.9770400169145974e-05
0.8500000000000006,0.5500000000000004,3.535750085040942e-05
0.8500000000000006,0.6000000000000004,1.989583787737147e-05
0.8500000000000006,0.6500000000000005,1.0649474603824068e-05
0.8500000000000006,0.7000000000000005,5.422248370634056e-06
0.8500000000000006,0.7500000000000006,2.6261281048762522e-06
0.8500000000000006,0.8000000000000006,1.2098671473041376e-06
0.8500000000000006,0.8500000000000006,5.302061201824169e-07
0.8500000000000006,0.9000000000000007,2.2102279410514786e-07
0.8500000000000006,0.9500000000000007,8.764248219443419e-08
0.9000000000000007,-1.0,1.3780655548945571e-08
0.9000000000000007,-0.95,3.6534822137210065e-08
0.9000000000000007,-0.8999999999999999,9.213600834566037e-08
0.9000000000000007,-0.8499999999999999,2.21022794105151e-07
0.9000000000000007,-0.7999999999999998,5.043476625678827e-07
0.9000000000000007,-0.7499999999999998,1.09473306573322e-06
0.9000000000000007,-0.6999999999999997,2.2603294069810343e-06
0.9000000000000007,-0.6499999999999997,4.4393614918651234e-06
0.9000000000000007,-0.5999999999999996,8.293819160757298e-06
0.9000000000000007,-0.5499999999999996,1.4739199215286378e-05
0.9000000000000007,-0.4999999999999996,2.4916009731502984e-05
0.9000000000000007,-0.4499999999999996,4.0065297392950784e-05
0.9000000000000007,-0.39999999999999963,6.128349505322148e-05
0.9000000000000007,-0.34999999999999964,8.916695916023428e-05
0.9000000000000007,-0.29999999999999966,0.00012340980408667845
0.9000000000000007,-0.24999999999999967,0.0001624727926595155
0.9000000000000007,-0.19999999999999968,0.000203468369010642
0.9000000000000007,-0.1499999999999997,0.00024238092478421464
0.9000000000000007,-0.09999999999999969,0.0002746535699721391
0.9000000000000007,-0.049999999999999684,0.0002960447300568517
0.9000000000000007,3.191891195797325e-16,0.000303539138078863
0.9000000000000007,0.05000000000000032,0.0002960447300568517
0.9000000000000007,0.10000000000000032,0.00027465356997213863
0.9000000000000007,0.15000000000000033,0.00024238092478421377
0.9000000000000007,0.20000000000000034,0.0002034683690106413
0.9000000000000007,0.25000000000000033,0.00016247279265951494
0.9000000000000007,0.3000000000000003,0.0001234098040866778
0.9000000000000007,0.3500000000000003,8.916695916023395e-05
0.9000000000000007,0.4000000000000003,6.128349505322116e-05
0.9000000000000007,0.4500000000000003,4.00652973929505e-05
0.9000000000000007,0.5000000000000003,2.4916009731502808e-05
0.9000000000000007,0.5500000000000004,1.4739199215286248e-05
0.9000000000000007,0.6000000000000004,8.293819160757223e-06
0.9000000000000007,0.6500000000000005,4.439361491865077e-06
0.9000000000000007,0.7000000000000005,2.26032940698101e-06
0.9000000000000007,0.7500000000000006,1.0947330657332043e-06
0.9000000000000007,0.8000000000000006,5.043476625678764e-07
0.9000000000000007,0.8500000000000006,2.2102279410514786e-07
0.9000000000000007,0.9000000000000007,9.213600834565906e-08
0.9000000000000007,0.9500000000000007,3.653482213720954e-08
0.9500000000000007,-1.0,5.464462900607058e-09
0.9500000000000007,-0.95,1.4487204867720309e-08
0.9500000000000007,-0.8999999999999999,3.6534822137210065e-08
0.9500000000000007,-0.8499999999999999,8.764248219443543e-08
0.9500000000000007,-0.7999999999999998,1.999896943451984e-07
0.9500000000000007,-0.7499999999999998,4.3409605606351004e-07
0.9500000000000007,-0.6999999999999997,8.962916273271259e-07
0.9500000000000007,-0.6499999999999997,1.7603463121561505e-06
0.9500000000000007,-0.5999999999999996,3.288759881366449e-06
0.9500000000000007,-0.5499999999999996,5.844555580866515e-06
0.9500000000000007,-0.4999999999999996,9.879980696519203e-06
0.9500000000000007,-0.4499999999999996,1.5887149230888347e-05
0.9500000000000007,-0.39999999999999963,2.4300831259329204e-05
0.9500000000000007,-0.34999999999999964,3.535750085040954e-05
0.9500000000000007,-0.29999999999999966,4.893586474225734e-05
0.9500000000000007,-0.24999999999999967,6.442556703435473e-05
0.9500000000000007,-0.19999999999999968,8.068160110066413e-05
0.9500000000000007,-0.1499999999999997,9.61116520613935e-05
0.9500000000000007,-0.09999999999999969,0.0001089087698550651
0.9500000000000007,-0.049999999999999684,0.00011739103691911651
0.9500000000000007,3.191891195797325e-16,0.00012036280516721166
0.9500000000000007,0.05000000000000032,0.0001173910369191163
0.9500000000000007,0.10000000000000032,0.0001089087698550649
0.9500000000000007,0.15000000000000033,9.611165206139333e-05
0.9500000000000007,0.20000000000000034,8.068160110066383e-05
0.9500000000000007,0.25000000000000033,6.442556703435439e-05
0.9500000000000007,0.3000000000000003,4.893586474225716e-05
0.9500000000000007,0.3500000000000003,3.535750085040942e-05
0.9500000000000007,0.4000000000000003,2.430083125932903e-05
0.9500000000000007,0.4500000000000003,1.5887149230888235e-05
0.9500000000000007,0.5000000000000003,9.879980696519133e-06
0.9500000000000007,0.5500000000000004,5.844555580866462e-06
0.9500000000000007,0.6000000000000004,3.28875988136642e-06
0.9500000000000007,0.6500000000000005,1.7603463121561348e-06
0.9500000000000007,0.7000000000000005,8.962916273271164e-07
0.9500000000000007,0.7500000000000006,4.3409605606350544e-07
0.9500000000000007,0.8000000000000006,1.9998969434519555e-07
0.9500000000000007,0.8500000000000006,8.764248219443419e-08
0.9500000000000007,0.9000000000000007,3.653482213720954e-08
0.9500000000000007,0.9500000000000007,1.4487204867720153e-08
